2.0676271080769064,348.07318938523883,181.5331342199156,174.36175294836772,80.30271857185784,215.0718617670376,2.08416319205225,2.18113182611039,1
358.4381576677491,357.60756913298013,99.54188529706401,190.05368284919513,37.01624570877358,76.75907846564274,0.42971692096893654,0.743730794107745,3
356.57097551802735,358.3771349584096,95.85380228809301,185.8481062404035,52.90408977260705,60.95181732147768,0.5159497481704186,0.8298706027155499,3
3.1788339742735245,357.6790609861221,85.56382031108345,160.5893714690709,47.17838714319589,73.80486850652335,0.5038089727360358,0.8755734998110128,3
349.90484077856905,357.80758399838265,82.37358924534283,166.3701102841689,48.640763048326335,65.19670338054237,0.6119448364964336,0.9984228528891064,3
346.03764949036713,357.06148734233204,106.43594264419761,159.4969191945854,50.73925970231301,64.86025697448662,0.7795981547631377,1.1341554226652881,3
356.43817256967475,356.4214555854186,122.151674151884,104.92990105872002,63.874218090996635,46.485530273466736,0.8941301507633306,1.2858958993944436,3
345.72056332194006,350.7622745588881,165.12478929026895,99.25412298002912,38.760666020385656,59.25584273624048,1.0269915644828191,1.376825838279014,3
353.5053675934228,353.73817579302806,174.9624955121138,64.96596927165233,50.95889353656992,80.513962991151,1.152537613712609,1.5115300958384577,3
348.96510468148415,355.5143179055782,185.66340945707378,81.04497086647227,57.07483139078795,45.64911719078094,1.34402864498577,1.5917294681948333,3
343.3560122203397,353.1157259557308,176.99637539894334,112.80807628581394,72.58227304708288,55.953979080320835,1.5676734088892335,1.6854696061243368,3
347.3524895862506,350.07126777737864,176.44064627356428,136.79731285771535,78.82879435030628,50.40111575005557,1.4615089004543649,1.6129392448624764,3
334.9706970783715,353.5355464716711,179.70339593766948,139.0143433747462,73.08466488689851,63.16604566516213,1.6560071476468052,1.766368353682156,3
338.9603112426625,352.3190664073398,193.52636817061367,160.3780764319589,53.50853700423261,69.46454422015432,1.695245641672209,1.7485645608886997,3
336.268023897274,349.8602187889379,164.18824065838572,144.57323890848403,39.78935037521484,58.55461699498744,1.6188586009903605,1.5861473968621445,3
339.36690206923726,345.1941361625495,172.29202845135063,159.29400095302216,65.17667189605191,74.35205880884155,1.6240538886059317,1.6647814804201548,3
337.3728411724688,349.56367727563696,199.8708708642974,172.55109327926897,71.6162165033628,69.58363231188088,1.7098122230967074,1.7457010011051317,3
341.3807863342017,354.65138313060606,186.95333919832638,159.09994591038713,68.02947109921558,56.6727582192737,1.6503626595010399,1.6916241901731586,3
329.52031019260477,345.0233559010008,173.60859421957616,162.5492305210847,49.146867928644156,73.93947891183001,1.6159848761553055,1.666985335252188,3
329.53128928656423,347.75494703130096,178.75749992081862,176.68983556166336,56.48704265490079,50.96663135302009,1.7267593423706151,1.7770269110969796,3
326.6065604750342,350.9553663712772,175.55895808780375,175.41929464570663,55.49728786788921,73.2104689567613,1.736223060533906,1.745979745668779,3
336.80872017654065,347.57275234735437,180.4344238038466,155.84578414214744,52.90856394295099,62.29476666583372,1.6940597506797812,1.6557106568256976,3
336.7510261007978,351.39976029374975,191.5472726134721,171.00834000084586,59.337423460951186,85.42412013796968,1.7385285020383197,1.7073520206971307,3
337.5626107150082,352.2565787952321,171.99487157505024,168.318874500452,57.062216869795236,56.16582602184718,1.6535224825216093,1.6856365946493765,3
332.4742558819706,352.2019058987479,166.70942781751293,182.3014949880649,64.74969572943496,73.65705957743927,1.6024913247495634,1.6239594267121498,3
344.6029110137894,351.34697985088496,188.16266210905644,169.4695395381362,62.07911262956475,64.30752805994018,1.6382643930939869,1.6745561170090322,3
331.9444125886137,345.8809889171357,186.7154499567895,183.95756798874254,75.61761119979047,69.42239755117026,1.666599016993752,1.7430378016662724,3
332.10762049486044,349.2376257726465,182.96935598539537,197.4352668310858,58.65872635771677,63.4308092593015,1.64646748469715,1.7150519031642029,3
337.47750497666755,350.49513120280693,190.5419390420305,177.92453444555983,64.64155571729361,55.54178988311776,1.6632949479479524,1.7715964411226144,3
345.2522621572906,353.0525943007269,181.46470045425684,175.49869400157323,73.38606437108041,72.03662071607937,1.7089106663094749,1.8114274228401614,3
342.87458376013484,356.4729284096909,163.8991554994188,178.29887077988343,51.722511128153656,70.456695647777,1.5985460260422155,1.7425311912486445,3
336.0420277496521,353.0931358916031,192.85267427314292,156.52081515543017,43.854890818338276,71.7934687379551,1.5114534290765476,1.7559188344207486,3
346.5369273201368,352.15891059994044,188.85998439094695,179.24196938759275,55.17540437674535,81.04787771706503,1.4486333257003365,1.6903537929404568,3
340.8144053277174,358.8206425701811,181.27035962614912,164.31496150796775,54.32982095211753,103.83593967847645,1.4268267782819115,1.6819283909962635,3
344.60693998428826,353.1527059773417,196.0876689672993,169.25166164979058,45.94402449700243,92.28285748727643,1.173970357288471,1.5643104736906481,3
338.0275098496132,353.3438521579882,182.97914299988525,191.69974463776072,56.12242589038442,69.50980237774246,1.1083363040427172,1.5191991577367396,3
347.7909302067607,354.0436467176001,174.97815300057897,159.07911809887753,54.56383384822243,81.48282005430724,1.0044080385137526,1.5297568349497328,3
343.0234859101706,352.2522726594372,197.0428088719356,210.0430837786256,58.157143107264346,103.59230381207601,0.9483115700256001,1.4804691004247934,3
338.4047655604413,356.6807372776779,170.33637152386086,192.21417919741523,45.66969630684565,77.5487121901927,0.8156438748478069,1.4583681853643349,3
342.0285007603822,357.06882827497515,194.17400308656755,192.06980725913573,62.262069968540686,89.56068944492273,0.6438935422158187,1.3879686708309165,3
349.6496436885874,356.9115021317002,205.4853136247302,169.03184524963237,70.43694993202007,58.746880697628114,0.5649948440518484,1.3443391383909613,3
6.359054530380939,356.5898962175536,210.88175103208414,172.65698647802952,52.82536076130988,81.32493474555747,0.529051726547337,1.266069607863135,3
16.642774158833742,354.8435345545514,200.59379703261783,182.97746969656936,64.07316791899359,98.21274676308315,0.49698119643812944,1.096202085100666,3
29.847074292191408,358.8846881670423,198.09668107000329,177.6243323148085,43.66461232160623,73.72788210103039,0.6047316146010075,1.1643001877484933,3
42.18063354648922,357.2154759586677,179.6287029600383,181.69142628487057,62.11163554604383,95.11370171875546,0.6131979413898813,1.0739570826767153,3
337.58522540147266,359.53165368277695,181.18064954703064,138.85851204380094,62.392949059483556,69.7903770285618,0.6596090692768026,0.3902592420157219,3
340.3296321071764,358.40127013583515,192.5313291751059,95.91630427996438,76.33000825807426,61.76739918766094,0.7357481538607231,0.4815212750121291,3
340.26224841319817,358.4159217443376,176.07966487295457,87.85441107988629,57.891023454023866,54.46770415047013,0.7474476489219742,0.39568200121462704,3
344.94685143695904,354.6797704792521,183.52820477674845,80.1911417171288,76.77130236622833,63.772821270585666,0.869685062697029,0.507522902351833,3
347.76559201932173,355.07615518188754,163.9121203524678,94.34086416793053,30.541968673755207,61.414170119812184,1.054430527189408,0.5797362100076361,3
332.77325163330704,352.62555476808046,150.526061889565,103.42245121509609,71.91604781805574,53.62193284013148,1.0955309054816094,0.7380634149771523,3
342.16000286619817,352.7071142659901,116.55494797775154,78.33071768186795,58.61053114891297,52.24452053347454,1.175829021016123,0.7901638978471673,3
328.51413182847244,353.639164111779,68.45808040905382,127.95102547023936,58.835428073721516,49.88215978684235,1.4791582451433305,1.021028717198973,3
325.1535803859427,356.73143370668623,86.67779922699049,144.6603817023932,63.5088860899549,61.05855297195046,1.494477196499204,1.159327122038178,3
329.4524553454227,349.2103172696094,81.19723057062242,164.72618423521988,75.62092180054168,43.1533979340208,1.519457320788806,1.2471860324189543,3
332.5582507098004,346.10782724698925,161.70054801313435,151.12756539375343,59.18919903783632,45.739695912162404,1.429961871795537,1.3596509540635249,3
320.7940411195918,346.898818790876,171.0272307806486,165.08414733832623,50.75852751608295,48.669807045233426,1.6207476391763156,1.5268625008805041,3
344.36435023481636,350.01472925470165,154.0914627415654,174.76444636518622,42.42644528303731,59.43876021224759,1.646393536978826,1.5124297212740159,3
329.8400498630774,348.2770506044325,174.2733887389751,160.78346526504646,70.6710140619549,47.70231289969655,1.7426726811661517,1.7096294095346507,3
336.57089941041875,346.00766612383006,185.2712630699855,164.99319636838771,48.36967353084043,68.26393821383942,1.69472685539908,1.6555344541719652,3
332.9671698843621,350.51213746028884,176.31428474832552,174.39481319575808,62.30714509508516,59.55536990462281,1.6548395190775869,1.636443047427614,3
334.70622377824543,345.19971552990467,183.99308324600375,167.2040320412553,46.53834623409921,35.416258767249246,1.6679692581123196,1.671568910159531,3
338.26962262324,345.89311979797645,171.58056147583116,192.49140922150892,78.86961735407931,44.584403236798835,1.8354668597055803,1.8232058707550793,3
344.5462376110278,352.4598610503649,187.81667190666917,183.15480715164205,47.578568216892165,47.086409198375236,1.7810292229946083,1.766410166726184,3
329.20732268908415,348.2069445478585,179.0547121260402,183.81875000500835,63.55147671768816,59.20285331700683,1.7865461261189266,1.7921505587552136,3
343.6402211249322,347.1044882742398,174.58763108411412,180.7696916012957,66.05408489397502,58.26282291074324,1.848225218079631,1.84168056098003,3
346.78879982256416,347.1071199984126,175.03410306582833,186.16086479893679,54.1179034052945,44.69978980821037,1.6479282659926897,1.7106945885685159,3
344.1853654786668,349.95645435751794,195.5600644917652,164.88709781591552,49.651539144309936,39.15940578994139,1.663962269774747,1.6920385673582292,3
338.5849897601789,347.69924427886514,170.73219140429504,170.57816221310267,77.77497267503895,51.39940267997315,1.7791059652266545,1.8094999521982558,3
332.7597532870427,349.01467663464825,154.63953848629097,183.04912957445606,62.73534983051343,48.657821697601946,1.7479949775996273,1.812478261035005,3
332.50072742315,349.33761827932534,167.89557625832617,173.77757228766728,60.645172924226415,52.32470411148745,1.6657110345694004,1.7325803909259805,3
335.24324811497445,350.04999922011814,169.56585377035324,195.5020554338269,67.11172262493426,44.51683958009738,1.7453995890234921,1.6915289725710563,3
333.221174117021,349.5101607647808,171.74108668239302,177.0278811258301,58.11556705840735,55.25178117029179,1.7290047212558306,1.682280777712345,3
342.3940102230265,347.29219758077,187.17388107411153,191.31104240054017,63.267754828908494,47.80452027659675,1.746377902166199,1.6714673605162693,3
333.05099589315904,355.8480991557952,172.74891634647776,180.3264318384358,75.68620016913513,62.26302566841645,1.676506878716193,1.6244943878569522,3
334.0854421342289,354.47719184690715,187.69105228542008,176.86598987789384,89.21975629667048,58.8880862920895,1.7886170489388142,1.636213334508806,3
326.30560293565077,351.3857378236747,178.2810925949233,182.2141962221479,83.54890207970857,52.34436687295812,1.733782421933173,1.5327292563730255,3
329.5569840014672,356.04857313108346,162.94519041144744,180.3018573381639,81.33924188309214,50.97693963982118,1.6870356129480137,1.5301885227550782,3
337.6357437444894,353.33060249003455,181.38866071538624,167.90718003143405,63.18311108200567,47.49398375085303,1.6086455641228636,1.3574521926813297,3
329.7877996508664,353.3666785034785,159.87769209292202,169.8103005380389,43.56039868122639,42.36355210622861,1.5859499092820908,1.2123405022676716,3
326.98993626552124,349.77140025113823,252.9358409796077,173.49523915292238,89.89028808448745,55.2748387246869,1.5317969405993843,1.1047577071231414,3
340.73111932284047,349.52443063022145,238.01219064180887,176.06736582687108,108.78114091459486,68.1159471745184,1.4285239848954898,0.9220659668648395,3
330.5523911907052,348.4663426412487,244.12726896106653,188.96200968566174,119.67277460759445,84.32700717508521,1.389356733083592,0.878112176953096,3
335.9941945992339,356.50167082895916,195.6496540383877,188.7413838711863,72.73752005721911,72.0503710412936,1.3168250824521512,0.7066500550630452,3
335.8505725888572,352.9927344544192,200.5156323252978,205.3311050914866,68.24265708900936,89.73465816917678,1.308261154438926,0.6641275270621766,3
346.62031404020405,351.7642850389893,180.8627371636164,222.6350293201251,52.825054947130525,55.60784899424522,1.1329722819597225,0.4846175728828544,3
8.128329960387305,359.0827025249261,188.5520750478416,233.4971684136813,83.57374142888983,72.94482730346488,1.2454117367585753,0.5812482244278999,3
13.199519443529084,358.9136094472462,163.10189184445295,188.0404122159916,70.97936908399333,57.92456931636127,1.1600976226504112,0.45366091918146606,3
22.801037407705053,355.7376563841211,174.17726019863238,169.4336269479723,93.47824192821622,67.00845313942278,0.9668597045364985,0.45053274747054123,3
42.41661176677633,1.848600096291534,191.19558545026678,204.0603328247658,115.5494454641123,72.00065144898196,1.0757088767938825,0.5148232785467022,3
51.91890212100367,351.89930591930766,220.39719784322003,213.7679192103841,99.40380002785446,118.27500460057232,0.9631475988804045,0.44169597817502426,2
56.17833355654773,353.4734358097683,240.53295336947517,215.52370268630668,106.28222723148252,138.48816816557317,1.0133794972731691,0.4362723070934953,2
49.21974702104558,352.1168760748666,215.05136019570537,221.36182824514256,101.15820552550474,133.16109354950518,1.0294528546358712,0.46383584088198104,2
50.0032074543476,351.70488428635946,167.93272503633642,214.51106445498775,97.20627540790633,122.90923430774785,1.049436443270475,0.4065569075033112,2
50.90443578879069,347.75976968287074,128.6291813304045,216.68778398358137,114.5901757734768,119.2305169560131,0.9825126866874717,0.40190209223257917,2
56.46338817749381,347.3962851654511,121.41617235344279,229.60462418845435,94.80907357324008,121.14423376630242,0.9954019829164102,0.4246044529604463,2
52.921619124281904,347.69457595328055,90.11953596051916,214.47205023484668,119.86145826360575,130.5178047468822,1.0634729871205708,0.5888629603885857,2
49.55209922742233,346.0079844566603,80.97288540956964,202.7241552532803,112.7332977264812,120.5255703491861,0.9483814434437695,0.6010998955918415,2
46.51414848682896,349.3469504461302,125.72346526752801,190.7212645802913,106.187717903671,130.2057045758337,1.0368241424819034,0.6487688456400973,2
63.29441608511337,346.3061494145689,114.55710211543015,215.4786985912182,116.5657189314299,131.7340760324433,1.068453661445797,0.7018313581501425,2
74.58449604259306,344.82091399520374,120.7612080736229,219.45937328556508,95.27393820643147,125.96496728116051,1.0515610838854694,0.742825278684823,2
88.68106368202535,346.7109463953164,151.31005195921767,231.22419197694458,108.02616543433538,131.058004534919,1.0089286857431718,0.772633768698047,2
96.74546367218738,346.3135179543773,161.27172067264866,239.77004904009698,106.9959128425728,118.05989523405549,1.0434182097092892,0.7759229295822802,2
88.2277694771372,347.0113157104513,170.13698144056355,228.28140397100208,107.13189311236172,130.32008546345253,1.0176803761866602,0.7809920724349563,2
83.47521260619874,350.04957784542614,150.28236930341936,230.46684462727058,105.85403225251287,143.58637243999536,0.9934498376474735,0.7252226236874871,2
89.00358018045756,349.09059711371185,170.88926278644507,206.34117697828916,108.08626231444617,119.25156767249086,1.0221066498217852,0.7204867382661935,2
84.78887998718835,349.33584180705355,162.3320259143484,208.19753503260387,110.32576893492325,123.67112383082971,1.0274513742615028,0.7096703020644444,2
80.14064737721628,346.37200831916414,184.22098587809924,203.18439846320206,128.1617124537322,137.85782791314188,1.0212193328268713,0.7116078033845141,2
85.49196973883579,346.5595395209271,163.55254408380713,214.70857190732107,125.73187986417642,116.04492544644376,1.0410543938242267,0.6552331250744979,2
86.4208797979561,354.37655047753503,186.64554576259744,211.07676154352703,125.77177547832275,114.53543830969693,1.0755278957330607,0.6574395660858832,2
30.36296320535135,356.80507757104687,118.24601324755619,178.8987562451766,86.37097422958999,150.19683771518189,0.8721536037506429,0.7839860758841294,3
37.078522661087746,357.3752817337716,131.7138826165989,153.67472564270787,86.49098950157628,125.06733400335969,0.7796166278885585,0.99135127272672,3
167.54238683109645,352.3491817205696,169.4493119132645,179.96507699700197,93.43548407076423,121.89891659869065,0.8498787100862438,1.1445978949449327,3
130.85076208374733,350.0468372861884,150.42745563069292,190.05456314196394,95.73168774784926,127.98910652625284,0.6762078830471361,1.1510337824759673,3
148.43428510078192,356.00910499600104,142.5073868890755,169.90421773409,66.82959080174345,136.1479898279937,0.6170626649110101,1.0061054320039378,3
147.54265785767856,351.4083564768691,143.19797658249317,180.1010181234955,68.71631967787721,139.84230001281358,0.45813790629637674,0.6895097150926576,3
154.7621551637615,355.08179208309673,145.25631649788855,159.13230447688068,77.6851622067685,133.88144379319135,0.4650004091246786,0.6169021423100043,3
147.2431552918418,351.1438492513437,164.5712302161612,164.90532414016317,57.92204102556144,139.9755577408618,0.34545913393799993,0.49090256527874343,3
141.53441615141483,350.5610680457005,165.43948243330522,174.27942092529338,81.32467776036498,137.0458574638428,0.2537137053748495,0.3275701334158105,3
168.43086814590674,353.8109109514398,168.70220143043164,193.40546138804024,66.53882924283829,114.68160222758138,0.2815390992486244,0.2877867843580219,3
35.95823844609362,352.3151068161866,163.51830801798036,121.44592818796434,117.11259045010291,78.70569300767568,0.8018900181830833,0.7103916186710784,3
79.2022603184804,351.27037853162983,174.25331905473615,161.4500030643706,131.60427484053426,78.0164456093953,0.9224088863769863,0.6112537967491292,3
74.9653481978666,348.0320533580915,191.34512464925763,171.30813581123155,134.53713097263667,78.11052458244188,0.9432457038186108,0.5769206050130322,3
93.28968589594547,349.32056110737,159.58584416283142,120.10995380191554,159.96293655229047,88.0186162329619,0.8294208153737707,0.4464186489442918,3
90.78462810918421,350.757656757758,177.29398236214186,149.98521435321305,107.73991460986247,68.82171863760334,0.6818349998411453,0.4377045152157467,3
136.915236963941,348.6344785634363,164.10315131067347,154.3922917185453,109.40274618630781,73.26773468859778,0.5384483953646448,0.3087482923321817,3
111.29196628279584,347.29702660989716,174.8769840850059,156.23164435184424,115.16229713639854,87.61153516989464,0.4820958418873158,0.2983947366398889,3
128.87461502420945,346.6933719953537,182.83394709269896,148.80981393375865,145.3603921403084,68.50068676592451,0.3430782362171957,0.17932892560417907,3
132.58971729913273,347.85230937719246,176.74281385347098,172.7144222617915,113.0319689806538,80.12532698202153,0.31935499697992914,0.27819075047791986,3
162.4568571502357,351.4156737003238,181.78988347192205,167.58812331067523,125.40818661023945,71.17583931032908,0.2528782160919086,0.25851561021240266,3
112.10883694751993,359.19139210667123,153.87434065371306,184.7626362703525,176.95267980150606,181.3866700006062,0.9793526491242961,1.0157140364478934,2
109.8254189556888,358.7906701648866,146.52632364905355,186.2778662330759,160.0854353904708,171.18074356469614,0.9578990216612459,0.9940642698557881,2
96.98018237309037,356.4939322500805,162.49279194496916,186.09368294372175,158.63780954286662,169.2577738492835,0.9772477412330269,0.9849174000098465,2
93.86920197621498,0.9082336899440975,166.87688787195097,179.02830342217655,157.52316815194484,165.24954838078767,0.946585414427543,0.9336713023932237,2
88.31569296434714,5.340381728367561,168.3568611854875,196.2319986502585,152.81657470186428,152.8828798764623,0.9285683325121201,0.8155247013778175,2
90.7058907228951,7.072846052271586,196.4430383650576,184.10610623507367,150.43044982978344,131.67832946617082,0.8690652036115545,0.7392027240844051,2
83.60867609370587,5.6170461837090215,180.83494783512376,192.9916730269462,146.7405393259141,108.69666853393437,0.7938424370885617,0.7145824137890007,2
84.73511139995782,7.603483235162798,176.56827191175768,176.8144280713534,138.77959268415233,92.17251424536914,0.6074311864300914,0.6748280389553044,2
77.43651751404258,13.18281756134428,198.18015320283976,180.80878039061375,144.98641053557418,98.51435496229084,0.6008624023644601,0.7191482405300791,2
72.72626317215378,10.984404481566685,190.6423334653095,177.6569234939746,134.7139293999157,87.58379138411351,0.4986948169641144,0.741618394153573,2
68.33975074480304,8.335700848835529,184.8983800188826,151.65401461067694,126.80660528571616,103.2344924322037,0.46257586725244504,0.69040450843142,2
64.57976763344516,12.505663424660838,176.03928337946044,119.73606697669027,138.92080066171306,129.02959383692496,0.5666135564771543,0.7100066553093091,2
65.56841779599523,15.623831559060363,191.71431875250127,110.50242074361609,131.40765900963558,135.50057057666243,0.6462038411983413,0.7298888306870344,2
59.505635716150266,16.19154778737908,195.93699715567485,104.77321306829532,144.91622157107005,139.83040693416157,0.7776128265925633,0.7637585975093741,2
48.20804428972076,17.55695091572295,187.05543625698084,127.28129862637377,148.6307193901651,156.5115243172404,0.8838700255348517,0.7941108673979849,2
42.19747882252972,18.981613951231623,191.51804131040478,136.0558359227311,160.9902435236623,143.47209278237983,0.9812721023310914,0.7925253438223611,2
33.45486451678556,20.98543661988913,190.3154842115957,161.31206032897504,153.60260202393852,153.05139629739068,1.0663875386834556,0.7990180148846469,2
29.64352665378243,19.271391060278404,187.08893656127236,163.11784597259165,138.32963873964428,132.4069945913985,1.1969170589348919,0.8985186869040553,2
16.811437560628917,20.203913016557976,189.2930338602378,157.23345864692834,156.79209958648812,145.35164099569204,1.1573519925391853,0.8483990447643636,2
10.373610759966937,21.332487819774997,182.6433093468515,183.17790986065071,154.9082888649308,149.72607962634257,1.1520611126255116,0.9125969802695519,2
108.25217001346846,359.9664346645627,211.36300519112328,117.08536645150883,128.8166704183275,138.4909207007127,0.825372054463645,0.9979193171973137,2
105.4000467945443,358.6137219157358,224.27884543080043,145.4923209084131,132.13537170488055,128.8136538965112,1.0146732694228857,0.9469804979777033,2
127.57400846761954,1.689448260211634,230.44706642127753,170.65707518290665,136.90135024991258,125.88974879648455,1.2008827163433062,1.0465526484130565,2
113.39371585703879,359.3400437457751,228.0537279434647,166.260807273143,144.32681002436297,113.16345193251635,1.194276072285493,1.0164875945992444,2
68.96931243820694,359.3565547775256,225.7832128538951,195.30680492312118,141.28823387558168,116.85682399313635,1.2308283547667165,0.9766767653314326,2
54.39365998833432,359.5855503156606,218.6240793787558,195.6760580356319,164.47741739718285,123.3806894110603,1.1782036303504007,0.8866360527059932,2
35.3040407936104,1.4817296198444865,214.54376333837777,201.65393706741466,85.29575333456319,118.85687714453053,1.2293038978471702,0.5099842660936686,2
19.888659743392736,2.93534144172105,154.05539750524102,211.29718798630677,86.14669196700032,117.43779435134968,1.2358530128694358,0.29011177701349616,2
44.372923350982944,3.3229219044640104,109.93056936948378,206.83134254017355,105.86627305039423,124.49831613354644,1.2026558420998226,0.2571999341769547,2
78.1048348754162,3.264044350843051,79.17722108647831,211.75721968375413,121.74622738773405,138.58549004467855,1.2315659092290998,0.35924711655696423,2
85.24349832833047,4.435943234025558,52.37402928467236,209.89774130028712,120.81949870373762,148.64912477808522,1.2331968840291223,0.5020164846457499,2
100.80920743828943,2.5829245549853113,68.61186601172756,206.40969837904214,109.72416629794816,152.8582641512767,1.2790262253345015,0.6314157972990083,2
112.57434089412692,2.437191139840479,91.89492025795954,212.12298262037777,97.59055204533439,135.38536323534026,1.2168586727001185,0.8975452812754303,2
93.63619934590929,1.917154123699902,118.0809435086191,213.75539865607954,93.00298426229529,105.31082088434727,1.094851335195441,1.0809894329776801,2
86.30276409811017,4.188526461801928,152.95707408993408,209.83751666576498,91.81924230924619,100.04578771470227,0.9069758507354657,1.244192237357395,2
78.41293240290378,1.0455673052459247,178.80322511094153,207.55490061092323,96.93938692034988,134.0612933137027,0.7643854804442917,1.3935954055034792,2
65.64638273855155,5.606625296735558,173.59629282136916,193.35814286602832,102.87913240418254,150.07575893068844,0.5573254286926573,1.3818543152625078,2
46.907464930480614,3.4400031304004983,191.48436983677817,211.5033442727829,117.34594140083004,107.29960618118577,0.40651061559574236,1.438109677643045,2
47.78083963594929,3.100130497135922,202.86110301912436,149.6342495009684,128.9211196370358,122.41508152847007,0.25125456182846706,1.4757290847998583,2
72.41047160650663,3.4795033117856633,201.47193034637974,71.4098652330897,134.8019113418643,127.45762103864314,0.23920303848379287,1.4776799057675696,2
357.6349863648087,341.2132596747563,177.16550395988062,178.37622141237244,152.88640751703136,136.6181525922616,1.6408723986630362,1.5600016452016547,1
351.2698154413633,342.0245134999162,186.9507903965657,193.52081390411567,152.73897208479195,194.93433166895775,1.7848725982470535,1.710190802008005,1
343.86243291608304,341.9831787275429,159.920168470105,190.1936166854617,135.7259576598059,189.2410290887426,1.7310310270483404,1.7707605654138754,1
355.3269017594033,341.9962599576528,193.47042489137013,151.6418206504174,86.33787743498647,130.30471614568464,1.6923288168726607,1.699198404309477,1
342.4344115371494,342.97486051823057,188.15388423926277,162.16378398068926,101.59660811365399,200.92002357400773,1.759569582592734,1.829494309556589,1
352.17690085274535,345.40713089217735,158.98093452526777,156.82630196338513,72.07051667018118,164.59341085651388,1.780820369328569,2.0225195998161354,1
334.70187824939404,345.5415327776867,146.10149337788482,174.02335473950694,75.70541209065453,239.8417478583783,1.9540388840686536,1.857604169420155,1
1.1047475398985969,348.9659208411841,169.79112820515542,187.50206763024246,110.53762560844021,206.55001646568195,1.7804850283143452,1.9044314624427738,1
355.03948612360625,345.4739971847764,177.90257150658567,182.65311085292885,67.11980713377704,217.6071757828299,1.8716455839971664,1.8545252511108394,1
345.73415878603447,344.52009567899097,151.86150804610938,170.26125833659262,89.81785467356025,149.2913414791148,1.8537149635235761,1.9236103414119943,1
348.8310566468217,346.806193042295,147.15321354749312,166.75399178437442,76.8826293692747,229.2096008543808,1.882111445080308,1.9442883041313934,1
332.016902721419,344.963890779,168.39104261557458,168.628664153056,77.86151769163939,216.38239072420487,2.0128673792421856,1.9094832566174895,1
342.50439682691035,350.02257980957444,162.23659240537543,193.9694199294356,95.23267068379232,234.04514458180572,2.3234670971095865,2.408621757318948,1
350.1357080474348,348.19162950212,149.52777412924442,190.7198352020553,86.62890050742072,213.329039976832,1.7539296059815426,1.803333489226144,1
354.37077398311567,346.76448243624793,164.87224736858184,210.608706261071,118.44638399045363,256.5397483890065,2.0601178935981346,2.0947122795106115,1
353.5590186531859,346.9956524046797,170.52537994001122,162.82409654437924,134.02029611965168,190.5749885058147,1.9378004955726005,1.9073527528808225,1
359.1236615762689,349.9275060875263,148.95943539081188,207.89386010049336,153.24670930276827,214.26290574089913,2.0199761641309326,2.1667881358351266,1
3.4049489804998094,345.4215324606798,181.7260232559712,170.06200430960303,97.75833497938231,159.1136931518597,1.7331141944728743,1.8735665982434582,1
345.32302861484294,346.8819935436973,165.2510279013317,181.624211072237,86.59004762719394,191.2523765131829,1.763033029632289,1.9300835381367092,1
354.1712406457252,347.50436540153294,170.43351062350976,196.23444213565998,70.82439358215106,233.76819279550648,2.150926532361321,2.2869308198560843,1
261.721780160741,324.2361665849388,175.7330179516067,181.93412610405895,183.7822390169641,147.7295898168266,0.7446772199265321,1.4426408238870436,1
264.96601884904715,322.02708661412606,146.7798954613594,166.35459819437528,218.8290515858215,114.36958866187584,0.7081262271542589,1.3661104905660637,1
261.2103575940803,323.2148667018892,176.00748097795142,186.48997032247607,244.01716130076414,121.59766145032035,0.7612648533186274,1.4119061902340322,1
265.4101988605278,322.6774751609646,171.95175983613245,161.898228790925,197.91689143525022,136.05354305380587,0.7509038194620822,1.4306920446899563,1
262.3317623711817,320.39628026351636,157.82437538876889,158.35619955755732,177.26909163748914,124.20013252758551,0.7375682119674762,1.3776868555769632,1
264.6038216480365,323.55935569791154,168.91223814218614,160.68703087560667,228.33883897899054,118.84573975539502,0.7629512029976966,1.3817632800496062,1
268.1681542543816,324.59609770364403,164.0527319615535,177.40476569860675,228.33275571152785,117.86533861234602,0.7987325627199108,1.401008021194084,1
262.97771759956146,322.07300303164124,170.09728255828713,186.4007539318957,178.10256314038665,121.25623130818937,0.7171076608608334,1.3828079350246765,1
260.65275642657065,322.43577213955086,152.81068038520252,179.50505178876247,194.83675397044718,155.53656487062474,0.7140412001545272,1.455536166900926,1
265.4921797499177,322.32909628250604,170.39910855306928,158.7655193691189,201.991553483544,139.85296408437,0.720959267100118,1.3546733382944804,1
266.79522418870954,321.94571692115187,153.55304979044374,155.56537059219943,175.63079192357594,151.10033663063342,0.6982422926253674,1.3584140134848772,1
260.72830064337666,322.5953088001055,164.21115325180347,149.8294300747946,243.12205741177303,129.3395317816054,0.7488960351965231,1.4453894283933504,1
264.0079003850569,322.4980080421436,162.0828711802252,167.7856310117579,152.79679849600703,120.32041245966542,0.7743602545620487,1.4345249495556822,1
262.45159693225435,317.77342877096254,168.18407322704286,175.1214380116852,186.1995713011787,120.16790176197651,0.6339592678827805,1.3484883130819172,1
265.56502625553804,323.03655866396457,158.81300354392582,156.00600202568268,215.77527626635703,170.53473980671444,0.7338595553149173,1.4149112467497118,1
267.06157790097683,324.51324317968056,183.96347566675965,171.00487580604585,216.960202722544,125.73168290238351,0.7640730763608957,1.4347822728429913,1
269.45781663381024,327.0731893483025,164.92296812613088,164.40708403054927,185.78950134298617,139.47944657972874,0.8064735942987376,1.4692398700152802,1
264.0860027102832,323.6995421952561,187.40610856706277,158.00908015315972,177.78325703227472,158.274373398874,0.7621730606183807,1.3690152928030295,1
267.4145022371665,323.8525190689667,172.2965215891019,162.7277373166325,185.54167862996752,132.941255045226,0.7481606960564746,1.368126844504152,1
261.6283909089597,321.146694921657,188.7465181654844,186.33501270239054,219.51847360164388,160.67814240506863,0.7036561167320519,1.3697089250398924,1
63.890321901625725,17.394956387873265,180.73001304411133,230.58201372738654,130.50705623375123,112.15308100100611,1.3009848998502018,0.9054106755144338,2
64.62195970694574,18.211637112142057,203.797487240402,217.3990728890695,135.1547255775733,110.41864554513216,1.4014638703771498,0.9965687032901488,2
85.61777725448223,16.31770322942981,194.16306598065117,182.64494640624335,148.2898114682673,104.79391998098279,1.1650726763236203,0.8329175341305574,2
91.69662444787355,12.387368060131735,165.68786288884618,133.63734783914177,129.1332858779525,120.08763681558145,1.1685103028674115,0.8372028643000512,2
93.31905552713425,12.741468357220356,183.5460681066784,122.06170771330574,118.42678215546186,123.57562140653124,1.1404389645731576,0.7590234010980467,2
93.45088837336402,10.86341980178753,187.13723192279537,123.4751296135914,115.34199359096888,119.61177029628823,1.2709692574934843,0.7979352387537574,2
97.1916853983505,13.93775428851501,189.78358951112003,117.0247584409961,120.53260095133737,119.06994991837655,1.3808829584681712,0.8649152796676027,2
89.32369150361512,11.053305308376366,205.9430149171481,125.18229422965953,109.54756415817312,98.59613124039544,1.3777278185034985,0.8281326792351581,2
92.4190934883876,13.119725077744192,212.85494213378675,167.90249198315544,126.16680973565309,111.32567256256914,1.1983238221422687,0.7323905043813655,2
93.72743757895478,22.53520446999636,201.08480711172652,162.88782688960117,128.60722868593666,125.13309283096783,1.1059311440730557,0.7844729398478417,2
84.77534642566496,45.518189248652845,153.11419884440613,181.07669984914858,113.72770029819111,100.48401758847166,0.9691443983929507,0.7406519651278423,2
87.6268910173639,54.621608101727304,132.46255416508853,152.80068059772915,103.1265728507654,117.01619848484981,0.840785604481684,0.9687946304255607,2
73.557669594777,103.85852997256171,127.83701241140224,207.62379705657932,106.8146589035677,89.64499213611998,0.8376095904716486,1.062631907282409,2
66.68499875103868,121.91839563907317,172.39343209533584,210.55384778553042,114.88769729355982,93.69535731232548,0.9118113930485949,1.2713692699200203,2
53.78912628175266,151.5446379512513,170.56989419083533,227.7293473227222,117.62351919012863,107.7187255010721,0.7167256322328762,1.1855211480250052,2
34.102898088470624,168.4016943221042,164.63108681714232,211.3835590051107,93.00545300800661,84.05567874603969,0.7188324727195059,1.1973109780485232,2
25.083877291030205,167.7031218765943,203.21962334542167,234.0275825220873,137.4171538631001,92.50347255447139,0.7020150525383415,1.2496494025610463,2
21.963510084746133,170.87730289436286,190.9602251447879,222.17324816691533,144.05199938698672,107.0084792628644,0.6619702049701406,1.1489459024588464,2
20.54901262068489,174.14648685704785,187.28048100895256,193.12432852616425,148.61138468640914,77.85571619144457,0.6919341859059858,1.3969138512710975,2
9.998538087230258,178.3553572030249,216.74560313437,153.99133334074054,143.26603732809178,101.48291552319506,0.6725488290273588,1.4930767907173554,2
76.26672108070647,336.2303345618558,144.4716065797388,183.7861232091281,42.46958375299499,124.12156556273175,0.9553379206902181,1.1532419731527588,2
65.61139368247575,337.0144553970068,164.3614418504176,214.4137274793892,56.03708532958365,103.40303067320468,0.9019286217809628,1.1999705601171466,2
62.681828966096134,337.7509627716464,184.78070202187286,212.10555862634473,49.971911926383314,69.06408740914151,0.8247636279696422,1.1835697568834902,2
64.72470660681432,338.46642628453225,177.68783286538996,204.8274253622677,65.65613702489111,85.48929281337638,0.7372015080171647,1.2687794318694088,2
70.92047724365034,338.1518376000164,182.6138524779871,212.37974719804515,49.716325059199164,109.32455905940265,0.6597152837731057,1.2888544332029128,2
82.8792117227888,340.0716147342286,166.56496466452134,190.3296604048535,79.04305661052746,119.88827299313039,0.6069638954878009,1.3600710626539925,2
86.48882831794009,341.59839571966086,194.99609680451118,206.67504822802195,84.4781237682526,141.01973660274342,0.5837688358911514,1.3546382567961959,2
95.36631105303212,345.4960520406243,195.26043260787424,184.4229300306921,96.30435741540111,120.23686836882499,0.5694403919716922,1.3272343752751257,2
100.06987483109111,345.1259970759203,169.19661517740292,109.46647589598851,104.78548430489332,142.72783345746402,0.5959494706117774,1.364487027206356,2
104.34829323546836,346.6289870654999,190.81079095775556,71.63787057940442,100.66916875857089,133.25940394084355,0.584536401426649,1.2567120639952987,2
111.86553818090192,347.7875531559827,178.08031485396373,68.05523035613112,70.74690692706974,160.0217407820654,0.6682699720701302,1.2812037474867584,2
118.11617771453629,347.492948623047,199.70492295200285,70.5665560935505,97.377744487666,116.48384101469333,0.8313000649442388,1.2292616272911754,2
111.79203412911724,346.0159735009691,186.63442300893882,109.47914352730987,53.57889985152866,128.63128943757417,0.97909304048046,1.0974779213041583,2
109.6265471874413,345.53559835009895,182.39481647784726,131.6024669088036,57.302130179332494,128.98690992237246,1.062761969200412,0.8711128756030097,2
105.49367073446282,344.9762803831957,196.6211214275037,157.71231096185213,82.16353805933227,107.80895693868263,1.2039218059316752,0.793203760033314,2
97.9888738230892,345.3310221059227,186.12337293188398,168.50623764612476,113.54057933665953,107.50440803765565,1.2333404211818288,0.6032421431869988,2
89.13017868735164,342.13123064285014,196.12822945352733,143.04236616112104,150.48219925363898,108.65929922612881,1.2653706712269956,0.468755099460875,2
80.71365086900715,343.6417831502736,188.92395106251269,177.93637545100887,138.0521980409072,106.51859461957636,1.423573814940128,0.39508083663053617,2
73.2621280392716,341.7875952649669,185.79553702339717,174.22324360752393,134.51168583514655,106.77990640219656,1.4256913842485381,0.3033817320379551,2
64.68689798054822,342.58836855756863,191.44958168583628,206.44594793748453,151.20443973731656,139.98652060241122,1.3823284082940954,0.2562154902053498,2
130.77533772231004,309.05652695907025,200.8459917723248,190.9758769928952,135.91919634836302,151.56278773118214,0.876364804101506,0.5355920117733637,2
131.59107006238077,308.9447735275936,191.33472054884683,195.0309385390991,135.95619212941443,150.21084316700825,0.8750594858357458,0.5293340704055701,2
127.06602529409216,307.70037490717226,194.46579202415487,189.19294719646857,146.09536821405732,155.44914388308294,0.8287918629361116,0.5112058827360229,2
129.58697093786805,308.62536612537275,196.67212744896355,179.2983659289936,139.61517041575922,163.7070091397619,0.7883359626732985,0.5145308551313681,2
130.35053403013652,306.1386168859924,189.39351145330585,181.14363203560399,134.12015204046824,159.5090131714177,0.7812715100167636,0.5048637284286023,2
133.59991553132085,305.52300964176015,183.99381627823064,180.98600712107995,126.71890664242773,161.00565905534287,0.7323592650983849,0.49742964883077667,2
129.24663983712628,306.1707893381802,185.75804648029975,184.8733143186861,134.56337150676683,161.38003475993438,0.7609309881600028,0.5009436683961411,2
136.45703680719603,308.2497364219473,186.6534686797189,193.20202127997635,134.3570367268381,158.69036039429892,0.7737873032422767,0.5090622386469594,2
148.1023652802395,306.72244528757756,189.2075432419288,177.03961035479037,128.85315384462496,163.08389382885832,0.7579199958248133,0.5039969943129436,2
144.26733924401918,305.1411300047394,183.05025690626303,188.81086198149788,128.74801582151244,158.4501171528669,0.7350697638271554,0.48521630188557596,2
140.80406416693214,305.623378990952,200.9400910019669,186.37733253069152,147.26264639455027,174.9678508672588,0.7440493205427388,0.49219168831622956,2
141.4988136059258,304.82366547842025,187.0584784017942,185.06868552455805,139.21884894257008,166.54634429477107,0.7347436802329014,0.4884130263183306,2
138.7270386940262,302.68541064939865,178.08999066322085,186.0254050682549,136.88056541619065,166.63517287515944,0.7106991941673848,0.4326078593053273,2
143.37049422336779,303.87350466725655,203.66702232870244,183.29614523916587,155.55586710893334,175.22757159336683,0.7156678239831924,0.4926997606477458,2
145.49277625662367,303.70093094413465,206.28279537755935,184.39852295519802,153.74471312456436,158.08125906264,0.7070471821143793,0.4868986043262605,2
141.29762702771836,304.2303674778102,199.74932957547142,184.66738773671497,148.17687817363867,167.27010898340583,0.7452678132440811,0.45266527360940345,2
138.17342916475914,300.31958279727075,200.04818404562832,180.63290848794543,148.10288537356132,157.8863826757413,0.7280204224781924,0.4349849656976014,2
140.24602209548144,301.104873028951,209.77902979173945,190.6205465032513,144.89719488419658,157.06485380200556,0.7422238138459213,0.42998517578900675,2
139.8894737463802,302.5442402799073,196.7940803934938,180.44107523336038,151.30287827542574,174.8881081134727,0.7293709416019383,0.4321079750856025,2
151.39539870703567,301.5033922018318,197.42902893259281,185.29109325908757,157.04312122881814,169.52242019191223,0.7459346599383224,0.43237116236862033,2
187.66366873680977,1.7014408925203812,176.24450170664355,191.8262216330872,26.550264621555755,21.252862080786485,1.3358308478197112,1.4533468066577206,1
195.63264162450102,4.65459954017096,151.53057784176806,184.42683296718226,19.80266852920579,31.553172357151084,1.4238731094889139,1.551849872186891,1
188.5220759010213,357.9906333559846,169.94157691949087,180.16976234893409,24.00657700069945,13.369078000650859,1.4187280299398555,1.5607547783953737,1
197.07549788408122,3.410829565948097,181.25700493360088,180.9100343854948,25.03297291607862,21.165465271874325,1.404209266756773,1.5371248443735999,1
191.1473275776337,1.5298778135639628,153.8425133027916,170.7111081949583,36.77284498457328,21.16245654037965,1.4405288780470626,1.519987825872196,1
194.91252212555852,357.8200410187786,159.7152379902901,168.9439676334693,18.15845918324038,31.46094154746669,1.3927422585815572,1.436885213939009,1
192.39410306633212,2.8046984917681095,154.77604963989054,175.92436479755867,35.70193569071455,24.550501343589133,1.4556182753235285,1.524069230953934,1
196.65404043455112,359.59059637347264,146.14019007335287,172.95061253457033,19.15235958851025,27.661048758641243,1.389068785744958,1.477417072380607,1
195.06299290456698,4.892990462508598,179.39879025760203,182.68588294460278,16.343637802676085,20.55143841788032,1.4030159049180253,1.506637015072876,1
183.75997523004162,357.6654278423256,164.79268036359403,178.7606470993726,21.908506756028203,19.137711877875574,1.4225165064502072,1.457987299347386,1
184.7845643130884,1.390930194916819,176.51501478561684,177.6225583793556,28.530886698451013,12.515906650119803,1.4264321719560211,1.5092570616584995,1
187.37401337720956,1.1788569478611162,172.03560745996896,185.219873066232,14.837276758164307,26.549683161923667,1.3596021347036171,1.4674645946782243,1
186.36836856691903,358.9280406731534,172.4383128747879,171.9996772092746,24.658084088074645,21.464937021314313,1.413122183271301,1.4784623990877117,1
187.6218506128005,0.310017062688081,183.386722598235,166.73306835514583,26.9587738081658,28.25689049369288,1.4357399493851468,1.5724676668439712,1
186.592956892632,5.15019042936673,158.11195875476653,187.39671225582825,31.701198552059168,17.860524082714335,1.3865975946490372,1.4345122305533253,1
184.25488182364927,359.88497631147686,171.5834383624895,169.85012714902783,24.012694660294585,14.322927383101046,1.4304843791536104,1.4550970773158711,1
184.77000289801674,1.0755682597043317,167.97362584206613,178.7893173734724,20.765920096927744,32.26251813423352,1.5073519496142362,1.5504963383267956,1
179.95218130878737,358.88032311888986,188.7941993244437,190.9509731233202,13.416900787073473,24.511686789953558,1.4507962313620888,1.467334777371867,1
189.45963514870041,3.4387387160277902,167.6978476240126,178.3970991695414,25.537305912250986,37.04388726689132,1.4169523105860915,1.4449783675581198,1
185.06109866185054,3.5032328278116927,168.38221827341556,176.55693790306753,21.39481889457352,20.282614330474992,1.44068905463547,1.4882151366194702,1
177.61543944109968,345.12290503038867,194.34975422571625,182.08472427922214,140.48888601055071,189.79989918246474,1.0002687623955493,1.2090234482590119,2
171.66474641440058,344.8460205281705,202.04503920803444,187.93304290127173,133.83438191101277,189.56909705401415,1.0994206797823336,1.2751470091010404,2
163.61594912090692,344.0964328165127,212.489916957878,172.08944541859984,135.2464606449507,172.71519261613753,1.0297963668243708,1.281695931090881,2
160.65375283287528,344.7232679234938,196.22775169896718,184.4399821882194,148.41736921042488,172.75878968731595,1.039665545748517,1.190718076598969,2
161.32584406338142,344.0410739624319,207.43313935011295,174.92931652319197,135.31854065416096,183.2214811649862,0.9238465676474455,1.1489270014679425,2
158.46229787722714,350.5171534495002,199.82442785246164,181.27159235191957,140.4496317364074,181.18313928404942,1.1652554592234003,1.2967992610564203,2
150.07661067701486,351.3309901119239,202.750576621076,196.1941035476349,141.96390185263385,186.6169489776291,1.1880246904327885,1.3838231891147998,2
140.7095877972539,353.6247160589913,200.91869771091226,184.53783521434912,138.27130708120464,182.3043170561662,1.1371431297895502,1.29638993349941,2
129.70540479995887,355.8026817787959,200.75845021801277,177.83149487490357,141.52447474826766,177.18531410277717,1.027053265925209,1.1743213761261901,2
135.6649323657979,18.535105701925872,208.588456015638,192.71225067363451,142.53124543310932,175.1663654467294,1.1611661844232601,1.3745368110660252,2
135.64459221996046,21.756125670077697,205.10655099518763,172.5234045972399,148.2551814111772,183.69323316949337,1.1377281062705202,1.4121193697550223,2
128.16948338806833,27.424843170238997,206.3561027037164,181.19084934177,146.97903750134762,177.2987413414624,1.1595709781656804,1.3889841730659815,2
125.65667492107357,30.129697114821738,202.99666024085022,188.36248433980901,152.18107813604183,178.63002709249366,1.1833326838967644,1.41605382456595,2
124.41216963157373,33.8785630493368,195.37042134279073,188.32033494691254,152.16270802025855,165.07838586667933,1.1752760443077321,1.4019260027794482,2
123.52913659611406,32.62805258626387,208.96613119873084,181.27523239865027,148.5456287316154,178.9615352037615,1.0901739753660684,1.3001000246823486,2
120.30362950422216,32.57991939019637,210.2080982438797,192.904007924587,136.10646223634075,176.75605025103548,1.1157698544894066,1.286977798425086,2
127.74777114756768,31.131067890864326,208.0053615007149,194.02781566813294,153.3120104786841,163.5092436581669,1.156221027712531,1.35227557823499,2
132.55948628836813,28.550025733612898,201.56206744085,203.64198431474867,136.44150768993376,170.15633302220823,1.2358340862936146,1.3913052525193252,2
135.4564483639024,31.93788984555869,194.08826671599883,177.81388404381173,140.66185832317333,168.7640617185034,1.2423435164099648,1.2865647500794983,2
151.36329758568513,31.008909863386908,188.1451834284372,182.63728788258226,140.72531795270635,178.94013463282948,1.224069457554456,1.362118708041353,2
62.442940215865576,347.5165517997285,180.559125496077,199.62302955821193,247.92651073436085,232.64680780972682,1.918326336488988,2.2685684293874546,1
54.56064088328918,341.47342592537865,176.14574001674455,202.23782848311694,229.28348373555812,214.69494075245026,1.52983937267915,1.79733880503731,1
67.83777658995592,348.9128861135161,187.0966577979961,163.55392743842572,159.69418870637676,150.4391880173103,1.9510304576739472,2.185074670232249,1
60.250329967918844,343.3213176835831,182.77724976856723,184.40662793784497,238.08431123347034,162.32427886794758,1.5904625968758932,1.8854774468013704,1
298.1413719423422,10.188207704122135,188.88716087433147,196.50365044867874,126.82981898171738,135.55794423016175,1.5151803269241906,1.9572729215071818,1
297.18934512965996,11.10207164144473,165.34153318892345,182.51335027601715,97.75630655405007,115.14103112438926,1.705366730011561,2.0480792154681104,1
300.1557194870855,11.733920777960838,192.64726570628093,194.6603138624736,111.55782801640419,114.06965868536221,1.5737328491956153,2.1256444388775706,1
59.96547458880292,347.76219595090447,198.3378077412542,221.97067118344407,233.9952973346233,195.50821540434288,1.6573697900209783,2.2402377529538264,1
61.27754756836708,348.3374070172084,204.07066715636546,179.93174472917627,230.15670242009608,211.695770714846,1.6217814341228878,1.9753150558474086,1
294.9618515665462,11.468170286476138,183.81307164169687,167.73340121697686,187.67104553220798,145.04449229135264,1.7223950041750182,2.0897307143854635,1
296.5815463644542,12.631797489509678,184.60343581149186,192.170996712749,189.8612492095664,149.4773777749025,1.6125239788115646,1.8417843066346558,1
59.979471777117396,343.0570392982377,188.15615963414655,171.76092364417335,217.85976764697693,175.32886937987138,1.5439835036240754,1.926673896886618,1
65.9408272630701,347.12768725339583,181.69106294631413,193.0501097117428,249.86981744397042,262.5340753323151,1.539823353895494,1.964751151153312,1
67.99259720642277,344.2597372148252,183.15240432243482,183.92981903474802,182.6713748934702,229.5684563444231,1.5673464474600423,1.8742082449500959,1
290.8573214009316,9.261680330521294,159.6717153199282,159.2388977395024,147.1919155869652,117.85343285241524,1.678361079338695,1.9824312868081562,1
66.26316417257226,345.238395076597,188.9999210661359,186.73563274243742,183.79439763454747,227.9591741427582,1.7254744782165297,1.9387817160656786,1
285.9402619558162,8.736578687450823,191.2351468247157,163.225070496077,143.55162290868688,201.98915730445307,1.7573401111701823,2.457654870700427,1
67.44879190290862,343.15844237409266,216.8651228575259,159.28254892605182,188.31330331056085,192.01045605335506,1.7294944614509624,2.1490790571995126,1
69.34402764775376,347.81764838860175,184.29078951580732,163.80056149150133,216.42011499318286,158.15910998943843,1.844435219789491,2.2573331788045103,1
64.04674785159636,343.6761875368223,191.62749375369174,184.33447156393996,272.298086908874,181.0845215602607,1.5740657632046011,1.8597182305170623,1
162.3900496499037,342.32672864790186,154.3730786246391,177.3453986795097,111.5877743134231,205.65577559964873,2.458772597491058,1.8393128344150165,1
157.54599966026177,352.4285769152419,158.116199569547,202.66836979698556,92.51896792262056,218.35401010716384,2.7027481037798964,2.3046913653271552,1
149.81791844520345,357.22143210721407,186.97023136986812,177.6976425026764,119.0438691495238,193.3325197264133,2.335751418527117,1.6926733616053569,1
165.10725718808004,353.78932335274123,169.37530063442304,194.5363831833933,93.81998825666062,228.63947397694977,2.6088634084558486,1.3213384300779125,1
135.09002616039473,9.653894903848311,251.91390978901396,168.81083227293982,112.52339708757034,189.60306664978367,1.0742397109184179,0.52924713204298,1
133.0713967759136,12.786644406067296,211.54618901195335,163.2334723468149,122.88733176875783,196.3800946218189,1.0812334225415032,0.7730864161422933,1
136.95696869053904,17.80681669825986,203.74147465108777,189.98222246722048,118.74810650793376,212.34478582978676,1.2326566098600333,1.1863903182754703,1
137.1582219132134,17.523294787198072,207.8884333957431,162.7623729664733,142.90232451816132,233.2551375116189,1.29292985070148,1.1364222830699269,1
142.83193733162526,20.029931499546247,199.95739577432005,175.90097054450675,102.8592196934012,228.96334865453426,1.3751445774225093,2.075177373560678,1
159.69045879162704,21.997852814864963,206.12701345182512,196.6528688712705,92.29144290199906,211.4261720601533,1.2518181548354987,2.123593513403988,1
165.5754685846309,19.014092607863372,205.57200862741504,187.96619763065735,99.09060745377491,231.09750756122068,1.42264478155929,2.7430175385405433,1
157.3419839560492,22.558626093001692,184.17905885872247,181.5090027684957,137.2750041389914,221.0750351775052,1.405040209513119,2.870066041763357,1
165.73361969223131,21.60526678932529,182.87264991848875,185.40165320633847,105.68222074535333,192.0976535175311,1.4593714837528586,2.9074459334837273,1
175.14636956456044,17.754237651237478,182.2894236700089,156.33574612060715,121.22977428059588,205.79713213790095,1.6949126664835892,3.7152480673552053,1
169.5218435221505,18.450909157739844,178.53394365691491,154.2587310280912,128.54600558674124,220.56756311509025,1.677588410826061,4.217781482951287,1
172.42854743045018,17.26507130441829,171.38524310707297,185.459119999118,92.44995203823652,212.49257067850357,1.6586706859926783,4.350501866885161,1
175.5742816147513,18.093429878524102,168.71995556752543,196.69498091462356,107.73600431082986,210.76755939381195,1.6878675209900003,4.227737693921686,1
178.7978078468046,16.355099893211644,174.81981645084872,166.3427140966374,117.85545929003115,224.15581551270688,1.9550981937231453,4.830013090751933,1
181.68270800066273,13.877977535909793,167.43000559905508,189.69291682243582,151.46419919126703,215.24435586201406,2.261195354780914,5.628929975335466,1
184.50659557875488,13.99521295564617,171.1688796573243,199.08335534968626,124.90499420820504,207.41634396235003,1.9429483096538045,5.172960772384757,1
217.5978067689018,349.64096851958936,184.260130552412,183.70663632046708,22.03566434651617,37.45161133674668,1.3677943717556758,1.5360972569134923,1
267.42727041468237,353.7702060493548,166.8608149398431,173.6435832514442,45.32096638549001,42.69215773667895,1.3363367596551095,1.4544528617259311,1
248.45979324826044,351.9957056911233,175.5145414426059,176.8018725768588,29.78996008018197,47.03066976616117,1.4401138819675225,1.558149070749727,1
272.20999232332167,355.16778434493193,178.0526877735616,163.11801008438755,48.78410036713956,20.963429168284506,1.483458510336295,1.6242549278287726,1
216.86220347385193,349.6977994030494,168.33640802819616,178.93122818044063,53.12668212237861,64.00887783901379,1.3942259260853498,1.5283387402436623,1
292.13322440957427,350.3913415995248,184.150059813478,168.70424391664793,63.46454032690934,61.516520736995176,1.3329240582365423,1.5836313179449393,1
230.92455668900166,355.31795325983586,173.52485790409403,198.01607906960822,46.487317628300616,41.502155056207926,1.3763999762735788,1.6761646217250954,1
232.9285287659741,352.1774405560017,187.3421387192663,173.23404269203454,40.56510507377874,44.124977944573175,1.3894020497083468,1.7250118688543423,1
233.062810112988,353.3995912602987,184.5279125486371,196.4067255653214,61.14898936040248,65.3553388512438,1.3815178436548363,1.7179140514983036,1
204.26457455665758,355.74458181059396,178.5576529589859,180.27703564976517,68.69033166292479,41.22001680509379,1.4175312146003902,1.821991886545483,1
248.70642948210116,358.39846107923944,190.7676800558548,197.8125657851276,34.370021997495826,37.3952905367795,1.4110453790001836,1.735261626417856,1
206.02637051416968,353.0733349305095,178.6517228186371,191.11744393070128,40.22416406013804,69.07394496179154,1.3186488311437246,1.7871391319109207,1
229.6707551066003,0.0763445394229052,188.8643670499899,201.1909600086175,34.363072097036536,43.90189829113132,1.3757777488818173,1.806794282251498,1
201.58274404017433,358.6739583851759,187.5299161889221,197.45209442160248,29.889509583571567,40.38339360090151,1.296996753948398,1.761995893027005,1
206.7495833725717,357.57679381862584,174.83498594569082,224.1302588512073,54.80368857182282,42.106551908018446,1.2778113045193062,1.7604175521087069,1
209.58620854400664,3.7443280100512197,186.63074035868274,197.53242060870485,24.744577413308377,36.80842933531824,1.2475545148606646,1.7783899419579692,1
233.95739572086177,1.1611612975106027,167.91226787959772,221.21699262033815,29.82295747940725,66.22468518800844,1.3160955335692652,1.7874840283184148,1
226.12790763777664,0.3465645646643907,186.63505139324246,181.7516610761941,29.903717612800676,54.68179070270406,1.3226236142387926,1.877795842649232,1
226.40316584302624,358.12156285129066,184.86057185666778,206.4897112440608,45.36790622906943,25.35574540045434,1.2856470925092807,1.9018707836062292,1
220.36033314605618,0.37343528041168383,178.01074846622595,192.05688515719524,49.17560252484708,49.82529554242757,1.3028529239466913,1.857348604475834,1
122.18372909320999,350.6723931149503,215.87260271123046,138.53262679187475,80.39391861559307,104.33642569538316,1.0711542071397544,0.9143035185190772,2
51.11270993659092,348.50698748660324,214.92689554280656,167.53909765584623,101.04317297647799,121.12224294822269,1.4909820087166783,0.3290817308601694,2
41.39969211366997,347.0454274955677,200.9453607978289,179.24148903890097,133.84383068002813,129.66383088167746,1.5080689431083385,0.21796308711239978,2
60.17899961365928,348.1375522218933,128.9424669295648,188.73265168039492,152.4164818521176,148.06900479989665,1.616340909959815,0.12200310356118722,2
110.48002518788456,347.957294032141,79.86935777731226,186.3373257941874,132.04570146727806,152.82950073330142,1.6492808779262873,0.2575475600183521,2
70.49756186248382,4.166291472954249,198.627882941715,182.54304652255152,78.42519905832035,126.40989586461052,0.6442188406414531,1.1518109860506516,3
69.44174230135201,4.568490810817798,198.64353110133257,172.73833008938834,93.85367290010987,142.0618351213691,0.7220828924532149,0.971281572535389,3
52.606149902427035,4.672283724386433,204.75809846048895,163.75104621935054,95.56483512907226,122.63924900666711,0.7195722958999161,0.8256045888687462,3
42.449472408416135,4.965368154516023,200.3049680451676,164.09851476845577,111.34417114264286,132.9349203683237,0.8231152692677752,0.8133311459891507,3
38.88160342037594,3.9940585129613373,184.08853994567505,163.96893170182724,106.77482775858905,147.9247685108543,0.946715769358147,0.9148650982641373,3
37.590391299187665,3.9482593268267396,170.94528090138758,146.43000638939208,107.84152615004132,148.66377943283348,1.0659507872169147,0.8937303530847903,3
24.188340007179757,2.2410663989305344,136.77822625321195,158.1667100501169,93.12197916474673,144.07919459734563,1.2337497344471662,0.9045025539111228,3
25.043006324449934,4.336442027014588,150.1986635039513,138.23383001423556,107.78071523655919,154.40801938246958,1.2820964269182675,0.8612611687138827,3
19.430372277400735,2.9629427919141973,140.86990346434098,167.24842474154104,117.13984187105612,151.27525897664069,1.3274473857712865,0.890797393310863,3
16.885628486228985,3.014419768192613,123.68511788872944,162.58951110994911,138.88478702704208,143.8218411557784,1.3046417846002556,1.0554551872256748,3
18.843163433142756,0.4598365836790125,158.00185190253606,178.78971361526342,158.90096247113044,137.5304509181356,1.2539769427698582,1.1833944142838848,3
30.617487745913266,3.195113882540243,171.01225285088105,177.3149600526055,159.8519565986421,160.98965896310523,1.3577131124963593,1.3893033284947707,3
39.316333329617564,5.588479448432403,190.9024176101543,179.24604190316973,143.00287652037434,141.69049328102489,1.3293770638393008,1.3533513071655319,3
46.34491562385745,9.79539408579589,205.19374898554648,190.12155240151088,136.1310553570381,147.41320578766974,1.2875720183527388,1.2862967048942333,3
55.7715174306795,12.545581264557772,200.28424854101658,194.1917779146181,115.93858702504477,157.89412246220513,1.3734939406867537,1.317213112658177,3
70.32118245943644,7.2211671174874255,181.93114711779833,209.56990453883037,124.16661596832907,82.50150453908537,1.1051388477359272,0.6484855918005245,3
67.44169228324284,6.548321037723383,170.42266745143166,197.04284010974786,115.91188024688398,85.05749617797233,0.887813721130636,0.6550564513060595,3
61.64890620557446,7.0296994220740885,167.7811915734564,208.62228957977473,115.70695482199778,92.71766287008899,0.916299168833859,0.7513578320092974,3
49.58423874976768,5.562936160149718,173.51911748844276,194.68591956030227,152.81321248355508,112.99853946648028,0.791819041055269,0.8466246626103782,3
37.52987301899441,6.150674195469037,144.4399346430115,154.69893867788934,160.93522823533934,99.15784667844378,0.8611311218101007,0.9837032038706044,3
27.194102957153916,4.862941214455873,152.3269385650762,164.14828615247396,155.9100226099276,113.11495477828566,0.8838469850297732,0.9656266888589601,3
28.90442080273823,4.02856999421266,136.42504803742773,159.05738235557982,144.19680219823073,77.52273514996796,0.9151656814614068,1.2760687550931242,3
22.179796724724383,3.757089910632999,151.61170932486132,138.48061636057216,148.457416258734,110.38946607627915,0.8601939185617234,1.2622251560795292,3
24.698546768550614,0.7818983608655685,157.63414520350673,126.4550230696014,152.2879954259003,134.20986156189815,0.9575880744573562,1.3194436554334328,3
13.747517326922377,3.667958675156285,174.80910891857283,152.58023845388232,156.91316583909386,151.74362737163685,1.0846920727395297,1.405556574218641,3
16.765566787158093,0.22925502403467135,164.29142013326603,152.9549971376163,151.95430666213153,149.7631608538055,1.2508305046306847,1.3470187826393212,3
22.787996766965023,2.170322777448405,172.68432748223137,179.500098698446,137.1041049916184,133.38862969422982,1.2957638119227401,1.3097879293032242,3
35.409592587050724,4.8606213529402,179.25654331380497,183.33530928598816,137.08272476623034,111.62342516892625,1.1797636484661151,1.2175756446762163,3
47.765367180672456,10.07290377584593,184.0009999011883,188.90870473892738,144.37702374370497,119.53396059227032,1.1936041145592045,1.2869708521487178,3
52.03380187759882,12.352397384064204,179.06815728252508,201.6813857428948,156.135319568084,119.60550634546723,1.2800369074670472,1.2890720990986617,3
55.754715736544085,12.070819339500645,198.5742279700836,190.48092508987858,158.70047739037918,314.1900204500005,4.001151614639534,4.873383690346493,1
40.2891463368432,13.925697620208496,203.74229337299653,181.941387227626,134.1469497269985,187.3266862383449,3.3887661086999583,3.7036295011984994,1
50.301662080065114,13.085336036877493,165.91224489257692,206.88883859549463,193.40512128409623,71.6458392413515,3.439585258714093,3.633906181329288,1
40.1362960938867,12.954949751943616,224.11279388145874,162.99646753774442,122.50246534048205,141.33011061401893,3.0153944033013778,3.1294469120613324,1
58.79969050801503,11.74090585162611,200.50868122490456,230.76050246000642,83.31358568302124,133.5301366689003,3.6433938614328176,4.2100231522990645,1
61.76968693753514,13.725788600172962,163.2139692319206,200.85825768349562,103.79037163567489,193.56643643318128,3.2002795671118776,3.576129154333471,1
70.45457997462705,11.034304451659693,165.34545520224427,144.86464437548628,131.9376889769811,138.88823048107403,4.183016212798633,4.771586638082576,1
40.95796878763133,8.67060191064104,170.4339010559725,216.69583650115516,121.55324242995829,165.93009489315602,2.3371936148379233,2.6678276531020413,1
67.1822751214479,9.399436753866496,151.2208030514715,220.50980275365617,100.74181269202006,126.01012070487002,3.750695241743322,4.397007951249138,1
70.00747159676087,12.837292210959447,164.2033850642636,180.16409743064744,100.24547827969548,102.96293347911057,3.2229610301975042,4.463526898011275,1
62.30908966287774,11.871770407006295,153.23712446184086,171.27735898841968,238.3612343493844,99.20304060324418,3.033125936578747,4.168249378044679,1
78.22170689574153,14.804523305903615,168.8976319938827,225.87834311874508,265.73385866193127,245.12121522817256,2.8541540060581525,4.239770199521932,1
65.59818513441888,6.471363917140025,177.22112791459904,200.838772268636,186.18512961888297,237.80634838356505,3.9100433595201203,6.3003020713230775,1
76.17300186180427,13.798482767776648,166.79162290670055,195.11909253267604,164.4752950611558,213.90234915607314,3.2026661761126802,5.138309953830958,1
58.200384236318655,10.03554856088141,193.75750415043728,189.83415148636237,222.19475847667874,200.10011797133112,2.148779435027806,3.874650860308902,1
64.37725643539972,10.926582393716842,173.87572725158182,230.07913306600128,228.09262543206358,254.11265925472398,2.8395420733522743,5.143534932629267,1
66.18237669503293,10.56724575743101,193.3366170877782,172.3438307097928,227.54970555911075,76.19775616416837,2.6332757027693057,5.4032376638974435,1
61.37739075183856,8.505768440866063,192.2136131622878,245.38554574007247,133.52386985447362,100.32203208259494,2.690700440386946,5.561146079284861,1
53.09747928455454,6.252228620016922,201.46383205379217,227.43840896119582,24.597159756568203,249.78309335247536,3.3085208538192368,6.7094461495315345,1
69.00689348430313,15.187516751588078,178.22774694384645,247.37989062872077,133.45717684123866,121.66951407449238,2.809204663939136,5.1507521628441335,1
76.92626500928856,346.2964242363617,192.40788775748157,179.87056468558455,145.73686451239482,124.89148159483494,0.8327690107896739,0.7063305892277879,2
70.77902068542613,343.25130771508066,172.21699010815757,205.15148461114796,143.17263192450557,157.67623057114605,0.7808099368854524,0.6293715483082855,2
72.89612676656401,347.1027637809164,166.88733593471167,202.73389633570864,144.98170719715532,159.49826882093433,0.8511668581701203,0.6727328220788822,2
68.50581638503525,350.36038862518353,210.45008067760466,220.47681071164462,159.7365801119103,157.59453519846602,0.8180640405984668,0.6629651742918672,2
67.37221775024597,346.5377483694576,190.95916947841948,195.8658464449206,149.2800252150995,154.51394594413406,0.7906818806008256,0.68009337471896,2
74.27691888764633,353.35559011150195,184.0849033127036,190.69494725144133,158.68621948367704,125.37128429946898,0.8061426371722583,0.6708314666175991,2
74.03590163411644,355.7302369517051,213.05745552629628,216.86637928148093,145.23073632412306,136.6741911262783,0.802912252512829,0.6829836188918833,2
77.54451427575384,349.2727747883069,183.7258333878895,221.47857122271873,134.75645519143805,143.72053256664654,0.8451265345383269,0.6828191094466195,2
75.88651304945023,353.6612169993209,180.40710451182622,224.4104067254169,132.15468422927196,143.51653457232473,0.8236442153095423,0.6527160559771185,2
86.73839605768853,356.53224107955634,194.69468217037758,215.09381488535325,143.79297615976918,137.724369490763,0.8623076092164587,0.7289620216482778,2
94.08646012105703,358.76656453554904,192.37076553521385,211.78866409296342,149.2322887434801,135.79698371403546,0.876761965485286,0.7058152554982601,2
76.27365417980059,352.3783927127828,191.21685954789217,210.23328474315704,131.12552189204084,149.45850873892968,0.8187709595514475,0.6664314298268648,2
80.99445340325178,354.3702703155329,207.62511664047116,203.4730813275017,144.72627336770353,140.7558321197198,0.9381204988289746,0.7445981647080215,2
84.9878482095715,354.6577372918475,199.98383405534398,222.51974904429264,140.4242408591586,137.3934522425349,0.8956238281909933,0.7165254818064472,2
70.30635733304678,351.17141186898874,195.39762362454817,224.89031971568215,141.09543338970312,150.36857518504178,0.8588705083810888,0.7067687362911929,2
72.71489705585839,350.87466931584936,186.3235795767541,223.95083790766103,147.42571726648404,140.52805295405128,0.8607439821930789,0.6753444429940868,2
61.66776226311441,349.41583114512736,196.46658252895003,214.76568104704424,133.99776285949466,138.45245836767882,0.8325702459443699,0.6578878459719985,2
69.08593845512485,351.4422577985658,194.46863629520305,208.6984666078786,121.76306306035104,131.46120445569522,0.8910312056248566,0.6947294406920185,2
66.39045932868919,350.58937361237344,168.67214087300874,217.01091710608586,146.51770612057152,150.20235916660653,0.8668894970777825,0.6439308734295793,2
67.38047926874157,349.20473537463636,193.19788398803655,217.758867180726,139.91777562508946,132.65574331688885,0.8609730293795702,0.678006954746251,2
69.9103564610561,348.3500724087347,197.54108753269074,210.18412045138422,142.43797917966805,145.56687884438813,0.8813973326646266,0.6655533985398733,2
64.93975116977111,349.48200940531484,173.48377268111696,201.0708768781171,140.62675073274553,131.95271250746927,0.8251780011234632,0.6805758612045779,2
77.75818618023152,347.59131096455883,183.69002742615604,205.0283030888326,152.4872174247922,145.30566751947865,0.9123353215039282,0.7490591048161599,2
73.56855466230536,348.1406378400024,194.53384734112754,213.915816928856,124.27363499855142,122.3809714451724,0.9337073443554806,0.7278108069050857,2
78.06636191370075,347.0371849768938,197.3439794317385,211.992712283743,139.07614362578,128.27041302225348,0.965083127311764,0.7325552232140161,2
86.60118541432035,348.12127168767313,202.44246044537624,207.83056616443375,130.60512680653332,126.43449856043091,0.9561702479633212,0.7363779673726716,2
85.5415968029613,349.02310829979484,185.27533180926932,206.69791944411045,146.2581152478218,120.8952722067595,0.9660634494001814,0.7376731404246588,2
77.360942033107,347.7288222793401,165.47626610487808,207.6475154072143,147.1456260977614,136.39216436891743,0.9314072417310746,0.7152117620997377,2
82.51250244954713,344.21737349721434,189.57078039837475,207.3576974597157,155.44723637644643,128.31050430623083,0.9365613525696995,0.748716512215376,2
88.29033204102484,345.1367091222949,175.82792207678747,173.35520221785902,133.5354349994712,130.26028638853177,1.0025216566825321,0.7897100530112277,2
82.66696670619439,338.3066581155649,181.1187412790846,192.4947002956436,143.79773671151673,121.21576271961834,0.9450134960723583,0.76578588672993,2
88.55949757881274,340.91083716455165,181.2017918652265,162.68898506937202,162.48585753955317,113.28573314834202,0.9392006212957376,0.8092584864249612,2
90.64822576054542,342.0200288770336,196.2148756085846,189.84085459566452,129.35674129471337,130.71052359038126,0.9321077377270216,0.846131245630033,2
90.83394656128331,343.4089534726099,168.81592442361534,156.6099339980682,138.53670651623491,127.21426749667057,0.9009355063272769,0.853668078627248,2
90.41306538847016,342.7737368401617,175.88958442126867,176.48197327607616,139.8294696502946,136.51320842061742,0.8135673944692562,0.8654077434406855,2
114.53789476236602,349.8349981046135,176.07055702729366,181.0891108428165,30.692445667881316,79.62649156217174,1.3077578907902574,0.9451731610573492,1
119.73434067499409,346.6842295194375,190.40807246538836,160.54642249654722,67.38952184030757,88.87599017897912,1.464877817353257,1.0965951028230145,1
133.57804175437738,356.4708353708175,184.6947607177233,195.2968724295984,46.25930518659476,76.31549985681164,1.3687331067645896,0.9953528009159502,1
145.45344244159656,0.3004209094240764,205.3423804390967,191.08203202668872,72.15718380552352,79.7740651692859,1.4161420975105339,0.9878613089130319,1
135.23266837768526,346.8416074828683,181.99914765976635,151.2426900805,68.75483707189136,63.523128083092104,1.4921521148644608,1.0722850713267966,1
142.51867891377185,353.6475792327243,205.43250525609542,176.5577284457229,30.046757007955648,62.0797735191486,1.301756490122324,0.9738574091585926,1
158.67100913259964,353.52165576953314,194.6954192890184,188.2902240322522,64.41684876420595,73.37693591281027,1.361267394728205,1.0407381435537884,1
154.73856265235804,351.2845927199223,183.14175188570374,176.4127952472645,18.973710391682573,74.6259296865245,1.4581618194685073,1.0573234575946042,1
158.74991914551262,353.00031072282417,189.25788316322382,174.9000881168802,41.64044298007616,67.20813467621423,1.5126161990948739,1.093690805265421,1
142.56701312351908,348.9026234319918,175.84946108560138,160.61872516593058,60.233920681677944,51.35467199745534,1.5471544433593774,1.0367170339194078,1
161.84671240259962,351.8459448728458,188.8896803267005,192.22929275008659,41.840104136330524,65.13350372010257,1.512640023914504,1.0478287354504265,1
153.14117906211575,350.94643337998093,184.57725619177245,177.72373866937562,55.93386764268041,50.415416411709714,1.554088383889894,1.1091068257141545,1
151.4011394050821,350.41008012539436,208.30799031849276,162.03095073469717,41.28351193124536,89.85691205540263,1.4201255182920995,1.052095291357,1
149.96014691105356,350.50282486542585,172.57451243376516,169.5368579766318,39.31726248697663,94.07738277273313,1.4289617132439631,0.9697800662686588,1
147.88087477947866,345.7452466784442,191.90294358719993,181.7857759514692,39.596521780408295,65.13167555058328,1.548937039905521,1.1029739638777734,1
149.35237322959566,348.19217148308843,177.2258083110168,162.78840913776966,52.82114512185001,50.840369590777755,1.4129405596264677,0.9679702870109521,1
149.95642774275547,347.7484459837894,180.62196576458487,163.93372515860946,95.75343369689733,52.54620763967688,1.568947602971294,1.1007402598278582,1
144.71614564787936,346.2370293946821,169.96053740477907,196.34843511207367,77.60708266216511,70.62805819969441,1.4299164768931854,1.026787835917969,1
150.82527601022775,344.73987779486174,204.1064634391601,160.25535914348254,55.0673495856895,50.238293530065675,1.492174667427248,1.0221364134516837,1
135.35597000977032,344.4792550467197,195.53024053736334,138.50458581032342,61.82301259595528,75.46148527715133,1.5161295735618325,1.0747127397825085,1
0.7686576374153447,352.0845365949588,171.23908311991912,216.7117031094549,32.436092131373925,31.276352526358664,1.226950117363411,1.1158578917410784,1
359.03279762385364,352.5413592567082,178.61795180286074,193.79174269675292,30.178131645841177,36.20187648963321,1.317047028987305,1.1455600694224422,1
1.299746729919832,351.61789443541267,170.54047520141722,202.42841430467192,31.74885457132541,35.42000526256794,1.2355407659778153,1.114012750335597,1
359.78698076940714,352.12849371055796,166.2669605073666,200.54335766854197,22.72958104106243,33.92254370099931,1.2239926464969506,1.1318722618919645,1
357.6499514705446,349.6097226347135,168.44512412205668,188.76547463739698,36.82497330051103,30.522321953602727,1.2448004372897588,1.0601867860314373,1
358.8804312645,351.8708020872077,141.24205686415505,188.98161236450636,33.05675441936012,30.866423480937158,1.2594065461492099,1.1033762464660926,1
357.61456373772523,351.66899935464113,123.8369343434205,194.12171644008714,40.33798191725049,33.91061496548309,1.272612835239373,1.0906351019230969,1
356.9486342318057,350.4842161858353,132.7659882869349,201.7210049452502,40.82573730488343,33.10080054308412,1.2904073587745046,1.205364196175232,1
355.6908581836055,352.4373203011024,146.60808967063028,212.9262673793552,25.380569874826733,31.69411222454238,1.283111316729989,1.2608591442600876,1
2.4454421800637647,354.8062598046816,157.26698154182122,217.39199578413456,37.986778903121944,43.95528001442284,1.257606345307612,1.3347271982875315,1
1.6541576734556998,358.0914835100879,156.68219326582985,206.90168927334705,39.88902479500791,43.60388549578198,1.3041680620590366,1.470054106064303,1
4.134669750673481,0.12493810126591143,156.8233649669521,206.48896079252864,37.860509898253156,30.087058683794112,1.2601425529210235,1.551860840947565,1
0.44590739648538147,0.591568052746311,150.53449835300697,202.42672836433488,30.254992386129004,28.78855349579004,1.3363398895034169,1.6349673314550421,1
358.58089524473303,2.075299467025957,162.91709700674315,210.0917519192908,54.91145411430517,30.3458878771454,1.3351712984274293,1.7255206606820397,1
356.7488124035472,3.10318425100877,163.63506761686475,215.9416295576295,21.81558493899672,36.68251731523162,1.355886294927839,1.85459672618892,1
357.2374506816259,4.856955309683713,170.45375920616377,213.92675002654823,32.30556349880737,45.88504039150621,1.3433360280144946,1.8823208561405178,1
353.61778723234613,3.5031678378966262,170.60980969925652,200.67173773358132,34.95487457227887,36.358410621764165,1.2702781156248883,1.9448913303235071,1
354.6455154618784,7.823592337500941,184.50785565863063,192.98215596748446,29.057171269245373,26.510575060131828,1.3438769082427142,1.9696139313410175,1
355.18512018305375,8.329532528379957,178.55969204206855,189.28182916673262,24.682349660723503,39.58122779678274,1.327963866541094,2.0873091332977336,1
355.83597952235874,8.732277296875793,182.4452122698191,196.28727272166861,39.4818703630001,27.331567754942796,1.3514375259356142,2.1508755965955766,1
139.52882664919713,351.7399134772474,172.03879984557315,180.2775854793629,201.5537001203994,168.3605851934781,1.0578779884275995,0.23324300231708045,2
146.3438910444465,352.8708758516065,89.60149943058953,165.57298804131108,192.28144719361026,184.1527059803028,1.203324856750957,0.14283677871061215,2
167.66668931955934,350.97126810998225,69.03700570700612,182.16233884222845,196.98855737294133,180.77741897349784,0.9903103283341987,0.3751946280587229,2
176.31227027320892,348.5036673047796,95.86649061868367,194.02459891597127,196.288761930884,206.6582157415042,1.438338932430069,0.5393907643242504,2
186.07381217414496,352.0929969558613,118.66229131383639,193.30937980832684,185.25198797880861,161.3673811400525,1.5977402509772372,0.8194648233462211,2
196.20425117823976,354.8506424490319,141.36478974396005,170.28444735997235,154.98053801931712,187.23831385188177,1.2942662373082032,0.9303854281778718,2
187.19572504077078,359.6279079468202,165.9369262261984,178.0004263374923,174.63963451411988,184.6310773593236,0.9554996910051861,1.0675320392688936,2
191.41275497481743,2.773515075961396,194.440196304017,191.67667320284,153.82194791443334,179.85932286782378,0.9200682807508221,1.440571518021774,2
189.43586170505435,2.78383491030396,168.22590045422112,189.38885150056916,191.45509590165878,160.18607255652705,0.5937096385751479,1.6906802489529642,2
188.49517421298998,359.59854194460667,194.4285838225333,174.4349558149877,182.01578664503862,166.86798252948185,0.3127112565031888,1.5078404987763372,2
196.81075795805785,356.6066692281491,189.16860933909956,239.75853469914094,154.65919161601343,172.54937813942578,0.286998916987952,1.4151573780097706,2
191.03228420629935,0.11795327000989737,191.35388867955896,316.39430451859823,165.5644944534279,167.6933457180946,0.350945582762619,1.138025636943849,2
187.09673722540262,358.82119711332376,193.2010170783514,252.34599447504075,192.18808490096626,191.09891589378796,0.5279788523990003,0.8401815305337083,2
179.97497164461925,356.50840454606316,232.73105285196013,211.75849778703676,178.9872942865806,187.07744448049297,0.8279938810319148,0.6046642227588849,2
171.2450186128428,359.33312761331285,222.53750724741798,190.16641336064708,178.95583903844002,180.6670940221566,1.104253236319335,0.7949338419987435,2
159.24185212215266,5.53374526611506,72.61817215785918,164.40593675343848,188.0661808633538,163.07568932633177,1.3122532400184612,0.207976283174698,2
131.3898729413308,358.3478164599379,109.38978830145604,196.60036709997615,194.7882865729163,161.05289991348258,1.4201979912437621,0.1941462640792529,2
123.4051759560563,354.4896577296606,114.84032398190455,193.31487950040346,219.61548975537033,187.0510869559069,1.6702227664298277,0.5750992801623002,2
128.85818248505444,358.9392354341378,138.2630897134187,173.26562760972607,187.16243980832232,176.87934083352548,2.1303329610131776,1.185380465580079,2
128.24886427895188,1.1255264940989818,178.35115205895303,176.6370598576128,164.59934793694163,181.43220723259373,2.0457482829639524,1.3049107722815712,2
206.05933917838598,0.6592181691998431,197.35757339430242,190.73088104911642,172.3232334098105,164.16091635127427,1.6381542177883317,2.3595586141690355,1
200.35130512579173,358.96319061893985,161.321330758302,158.02295712842647,181.10738485347687,212.86228560137528,1.7618827855650652,2.7054827447363463,1
223.41953149295162,12.478699648858935,195.15195904565402,212.3724642737078,96.4928689466849,147.98820802986128,1.5388263999326404,2.4897990433607653,1
206.00010930123756,7.493575585780226,173.89060567009545,154.19298892832558,132.38825095774456,191.23550182431148,1.369221482656622,2.0877082320253773,1
213.48496523717662,14.017167924605408,163.34749478500706,189.85678350777022,135.70296101931902,175.0833255534492,1.5625309638727143,2.1454405353991395,1
221.9541188686042,10.392039557524512,153.1205482069134,157.85761179683567,152.65320730308193,187.87386289899231,1.4580434719831874,2.2437257931049617,1
214.07780759935784,4.20397055561596,184.63971618357033,173.13711760608518,156.58968399351818,187.73331759877,1.4731814503836889,2.055037817266112,1
212.0760424445342,1.3159190480118002,178.3012554421334,187.54138980569607,173.93126609279463,148.33590189160952,1.7166270698248118,2.4249006634856785,1
204.66961235628062,353.5627438587825,186.68332531969168,155.1867571264497,163.03816732612455,151.85137057392265,1.711322348639714,2.077828007573876,1
225.70195574199838,18.614002862702083,185.7967856695317,189.82524060095517,161.38290321615688,133.20172359150382,1.3949655472528453,2.2009546416764563,1
222.10890553769764,14.486319672016327,162.50656567788891,199.59690218383253,126.55206292929796,136.91566411700276,1.459813619089324,2.2491982620452697,1
210.8216117719251,356.5376991151776,193.745446956089,158.2545835812808,142.18190005338818,168.73873824847868,2.342118602292343,3.196191302979387,1
214.36107756659405,348.7755716757874,198.49850311822786,176.27551185802724,211.1634831124149,162.9279759367871,1.8544331739675974,2.57927350954347,1
234.01962067933772,359.2133170255662,195.0598264724652,189.0376054208196,131.9952186618574,123.18750414388487,1.7490547162923258,2.5253403702959383,1
233.36040929208622,2.5616025076896767,204.00118033926245,145.83779310130944,131.6517220934458,158.4087048809764,1.8063944542823422,2.649234358276112,1
216.98517247553755,348.79229111626887,186.49799109364278,154.2713288165657,152.4027440733158,171.508733146485,1.684190699157963,2.388272069898773,1
234.8947461205656,0.4734845534828038,200.28953713112185,206.4109690861786,138.33368922029518,202.65937481172665,2.1651707394717286,2.9672268360736633,1
238.55092391849922,357.749422822575,169.12635751378565,147.84667394812044,102.61024564398946,193.54757229597848,1.6516481763736621,2.5928827819492404,1
225.48911983605035,345.69374885757645,187.30355968152037,200.9577698830091,140.6008645254189,150.65008451609964,1.8565307013360741,2.408688247440239,1
248.425864265207,357.75864724488207,171.00484787275917,171.7394811563056,166.89017032798944,242.46081268104905,1.550224613649389,2.061002757067669,1
67.43676491701541,347.0430073637714,208.7505315320302,167.12963910593456,214.86718537531817,172.54513596235503,1.4169027975296198,1.9958760377883318,1
92.06256069634276,350.91268804451386,160.51484446642397,223.7116244755127,108.42964304019111,117.00479718899686,1.006029826042792,0.7838970800725872,2
331.86319411418503,353.23193453917105,184.17023177170927,163.58226354400998,56.474097699022366,64.31249497413404,1.7194877209162278,1.721195906448463,3
180.3615268407234,348.26188408082453,195.8549591425605,178.57185077308574,143.03849731267107,188.2840655358561,1.1084296598866332,1.1882329805464524,2
140.761665110332,351.80932857961204,157.59117426362167,159.70648740874654,18.282895735553893,74.13417243499151,1.5905939619179925,1.068368564446464,1
88.00996147065803,6.863367868153432,177.0004368179317,184.34372314668852,161.9784208843527,139.1288973555739,0.8841065399451361,0.8013146791107384,2
8.701219631281162,348.72868275783077,177.19485561481207,192.85804952931753,30.258579126016116,40.26484550594262,1.4089972734486789,1.6062400628850102,1
133.10081223765454,306.4954419190648,186.49557343792975,184.73567388986592,136.15312184191848,158.3998889098023,0.7521313787714805,0.5034843218769469,2
181.52036633947927,16.68137132019207,169.15686158609643,160.29198004559603,113.03791787028817,206.07031851992886,1.8051801422058116,4.699552883211713,1
337.5617020110247,354.9101366629973,191.51307867981836,171.2937399484279,72.52335397247339,55.429238023822506,1.7538250398258821,1.6121836138741499,3
136.85934173335622,304.3247173408157,171.63434784293196,187.1191633866758,141.64551473781518,170.54609465952674,0.7310315478124496,0.44496562269864537,2
223.41180045360005,359.84007780291915,183.7619060046275,181.43646946825805,42.80895839970725,39.64741815516555,1.2654723946466302,1.7643961434609339,1
267.89899498253004,323.27034795223096,161.69607004797277,155.47485934079063,209.73895696783097,117.71555412635661,0.7483849599067975,1.4314003088900238,1
125.94016704595478,27.07224491957567,208.0175916022274,182.14260754151977,134.06875859267208,171.3436601602968,1.170153962516072,1.3127077721759763,2
116.41806582009312,0.28057115306773994,154.78682361719484,185.71187999857105,157.25350428885727,169.80023963158573,1.0050555668534804,1.0005581592862967,2
54.098947641805864,12.949002630829852,198.6475338887553,199.8413611139386,150.5963525786865,104.638410374535,1.31099259127872,1.3048799241833378,3
298.6666637534484,11.88950264150736,167.6739978601375,194.14558013652632,132.29388867767534,209.11417041872167,1.6533309113910033,2.1275071282477636,1
157.68871557103762,347.3183758072167,172.50557847076354,173.9965821498493,51.85589923042602,73.77202584168617,1.427333405690312,1.0248620533540855,1
195.86588856258797,3.501756063033615,165.42879065029297,186.4895467071158,33.66418070211063,24.526474924412014,1.3405310238053576,1.4747467823837455,1
194.50058065110085,358.84188659208155,175.65767196921766,172.9186253149212,116.65040231513265,129.36915721675888,1.9914658135208254,2.591169799105758,1
218.78900065211005,2.9300887957947452,173.3651165266174,193.72555900898135,34.07280063432637,36.22670475400429,1.3155705155313338,1.8306866386980998,1
344.2262566035906,350.30431134587667,179.57306902778794,144.24338367391525,55.92562508394144,56.387601294156866,1.5055943000651733,1.5939298810561329,3
138.30258038635847,11.645780589589108,224.7910672755725,171.47654353257388,104.98215634997186,210.27138244170175,1.3020804224684694,0.8583124176593546,1
130.10245381020687,306.90227950828023,189.70449129542118,188.86546331494688,134.8100799918987,154.1396205881763,0.7690659007117834,0.5169416573546881,2
84.2354335535394,348.5162709657234,167.29694386982646,245.7117547667895,121.18168798737798,133.49099769747514,1.006248329917084,0.8215699107017563,2
87.82148504553084,339.55424384012895,195.7031214108714,182.33269125404587,150.61939056517863,114.94424297341249,0.8681422574656429,0.8387660151736732,2
49.92687788001149,346.78127934823647,96.2525917768923,200.06897426568,102.65748633839678,135.86073485231148,0.979838799276252,0.5563788463328468,2
92.3783111291159,351.21832406401893,181.00779972414847,244.06232575403862,113.52243590324792,110.32627119326432,1.0044456919366878,0.8043384162379853,2
92.67457831303426,39.40267163471714,137.42169576375775,197.43104863601687,106.29656807872794,133.56006164509836,0.9768603816314735,0.7665368807263991,2
136.36732726029652,14.88298170233952,215.98839808702598,157.00693273691164,135.34885534231,219.12387596116443,1.311498271200353,1.1977830840472634,1
32.62676595370016,20.68577805767694,185.75612849770081,151.68103683792273,146.7869880187715,157.6934659197057,1.0806351833307333,0.7795964604500946,2
81.80891240199134,355.09953680686476,194.10050014876063,212.18672788372325,142.29756202549456,125.4337570949071,0.8216520068941318,0.7122519068407764,2
63.0642636320697,344.5244087556755,189.77176354458356,164.9155211411953,230.2278603428846,232.54565967432353,1.644059346036655,2.0449152530755668,1
342.34807331832894,345.49251883394913,196.8370702927309,182.21406004086177,82.18807518475296,186.56278456180917,1.820278096237825,1.9278143708534181,1
40.615864770481494,17.27502207381326,170.14241881477574,227.75674529583185,58.44179952776278,93.60310115282283,2.7843505954416448,3.19652829531964,1
266.3579760339088,323.67791521087725,168.0388803120999,156.22375199716024,238.41170065090807,130.00613803173778,0.7292569490351881,1.475749873953842,1
335.31450010288586,350.17264074751876,163.12656183702862,183.28692689476586,65.31094392673378,85.3794681096245,1.6616564011338137,1.6525169127695862,3
69.7663500728354,0.879579850440166,233.57175365177164,187.16233845898915,141.58972937594132,119.45137704834411,1.1978997216418201,0.9840282962977108,2
61.669083622449705,343.6316568004431,213.48571723387911,174.9982552822576,234.3698484435652,252.5227736851072,1.4717945261483958,1.7484862878995264,1
121.88005939235217,30.089778475954326,198.74611296021897,185.43680645659435,137.77911300885773,184.81959162666615,1.1771167949000847,1.3501958164046521,2
57.6805886763953,345.7185156040852,170.27275195585344,206.54643214706252,228.97733379189498,140.77989575941277,1.5834814345483041,2.175569966172651,1
326.8899708230012,351.23114506669367,170.2466674556655,176.10698497133373,51.342388071348466,68.1550730187464,1.7880426804482596,1.7886295853777425,3
130.5520886653341,19.189355720805626,195.61710929059726,185.20680892285563,142.23661120930151,190.4815421901213,1.1506768845718576,1.376731437969897,2
349.95968703176675,348.67613687376985,162.2627401385798,194.5845412568889,55.78643832991378,44.7594398184209,1.5347038073991393,1.5305650247392946,3
304.4557690144197,11.011800345127186,167.24799380069675,181.03278612557506,138.67614254152178,134.06138984282,1.614621519869775,1.9961057986770823,1
71.51727261540884,1.3075009937932123,229.08970366141918,183.12032542345716,145.45243307930764,111.63461140266634,1.2220235662562184,1.0226585680812095,2
339.0012611714831,349.5679702006668,162.09179064853882,187.5509282898188,68.09740834187687,81.52871193983822,1.8058792656318623,1.8026296053445898,3
130.31338501754706,359.8227938722439,144.9237094925622,180.95878896765805,163.29483654164162,188.45414532712027,2.0809098176429037,1.1740324059556833,2
348.16501555471854,351.1322024156653,158.72212514455725,82.5055416824624,62.78170380850764,45.00072998151984,0.9250842198807957,1.368321193882343,3
25.034111776422606,358.29171683843566,190.5358961838199,198.61589531003503,95.80195794891932,61.4933038714492,1.0351098969804942,0.4821031546462001,3
357.66467753645475,3.5298594015793014,164.93757914001145,191.5607145142997,36.66703356784495,31.57894361716035,1.3230956105433362,1.8173646515569217,1
78.1633831514942,338.68754354194874,156.0658393966449,201.68628056849394,44.49005398768372,122.40701764171644,0.9647838179120427,1.1344613745881735,2
187.49950881192945,1.3256511087725678,179.01027547374582,189.25576922950108,34.821831459414966,33.469647196769245,1.4229981112846122,1.5011874871733266,1
0.7772731199308964,359.5875421824972,151.98266658328365,216.46808918419157,34.452611280865824,35.78894275238281,1.2797412658557847,1.5500611946741318,1
89.40761849476547,349.5550725395021,178.8292693034557,221.08462037501386,106.6747923564717,112.61128069890128,1.0065141486556286,0.7726551980674667,2
193.23247879224007,358.90496069319596,169.23537501218993,170.71453526229163,170.23931490844672,170.99691931175235,1.0801828630507924,1.2249218310439358,2
84.91818369428353,4.195322845480064,152.30797594347743,202.9249697581566,97.79561526323084,105.89341702291586,0.8594354631352735,1.226631281020617,2
39.25715634003359,358.57837508332835,166.6596946294322,202.9048836732872,104.22116037380164,72.13746335372969,1.019610095711864,0.5239185936322119,3
268.77090784067616,322.47282494968016,162.82368187724347,174.48918984317896,183.51609961227246,145.51252655079762,0.6944348542823926,1.341229103772929,1
163.25852056553055,353.1754245906971,176.737058651828,163.71780082378305,152.04879241121932,194.72612993680727,2.7422140905100214,1.8748711011161043,1
