195.66945677323002,311.0614726980966,190.94222424552245,167.75366714031958,125.55083864611592,99.5024894720143,0.9386427715167759,1.0148682411412349,3
194.82629584493705,315.519795110859,187.2439356571011,174.2803340275105,118.95967933094704,94.6605454825804,0.9531994020382335,1.0310705565389282,3
197.65311501699912,311.84647183576095,195.24443716337663,199.8922570533556,123.86530623139225,101.83083189667866,0.9455194413568225,1.0142353352947104,3
154.16068967474118,313.6558971814553,199.07468295812478,205.82651159937976,99.46093109482229,87.7394980888588,0.8772304599111502,0.9241160668356019,3
136.31254747604498,306.48546291500367,198.17056315303722,206.34051339917707,107.65815418091785,106.38502491700487,0.8787682988467677,0.9196280858941919,3
130.01570303235707,309.28809611953056,201.8908874548969,221.5501127686364,120.37912601136838,108.41559307554814,0.9084357716121394,1.0001976272423785,3
143.52390482985624,309.8389243004107,194.1000059230103,211.5864265532115,122.2229864975996,95.87330844515918,0.9013936300715993,0.9736107609994534,3
147.87451807875235,306.16210791798744,199.94067967803053,141.29959100146354,104.35043345933403,93.43085054890253,0.7816202372933535,0.9419439205171098,3
179.4020877128431,309.59333757673255,185.67407032440704,185.43933020926485,120.84760751050737,103.12673338175273,0.851702424352389,1.0139342084142735,3
187.7095452485528,316.22333479000974,187.90223701332718,130.66456991415996,111.79832765973973,105.88479461826711,0.6527299542033793,1.1030752685591128,3
164.88162114507648,324.01286262829524,172.503050693253,117.07092500545215,115.46764577908061,102.98039982997079,0.4885527476483459,0.9889278868004504,3
157.83907313216784,326.13135723783495,156.83341111692323,150.87452019449879,114.98500389224756,91.07053311537686,0.4612882273713776,1.0598060605528692,3
156.08108554933963,330.76553530734657,146.4136684408538,140.45964459439375,104.19059000878505,88.95699444715956,0.37325365917642256,0.8117732408131273,3
193.97946102049602,311.0093632852765,164.95041817265147,194.87241242671544,92.45520722802485,118.60938687201107,1.0081102729658515,0.9349147770330917,3
195.86742322985583,318.75472229461144,166.68636768785666,194.7583879443192,87.15485432067732,112.05257401252788,1.1975009572563637,1.1295579066112442,3
194.41535306392325,310.43145798105456,180.42302671597074,193.27639707666344,95.90104750145667,105.27306288647125,0.9974175374684573,0.9774097566376069,3
164.2293230214748,310.69340732230603,207.12518756398464,194.42323655742828,89.51030439138435,98.72771593435544,0.9756633071970003,0.9599257702764491,3
147.82805190523553,310.39766347865793,215.72790121592735,190.6856848489069,94.88359808876214,84.31910918203403,0.9203011153370925,0.9188436936543314,3
146.39412919488962,310.384355626253,163.55867117620886,176.34777721969363,84.97092637945087,115.98465068807513,1.0041550483154371,0.8556306353500144,3
151.1526293015353,310.44117644186116,152.29392663368716,184.72422616644778,96.14446918136667,121.98983152793087,1.0203924899687102,0.7937740221984482,3
159.51794851682098,311.16706392272033,151.3706707392295,193.24147965152522,99.12282469416124,97.2700686453735,1.1605942464651902,1.0209742614700021,3
159.1878777122172,306.9269122302039,195.24414458936877,180.35016083226932,103.65069157870454,134.2254061041813,1.110011401798449,0.8964211452841777,3
160.2103885101813,300.7240266358751,199.6538240406305,189.7250932775518,98.03080300901246,115.48851770729283,0.9649199577201377,0.8882337425616457,3
183.86026906869353,314.31179550696027,130.0091558549755,186.8797324654071,109.44003481538891,116.98510067284036,1.1392398524797087,0.6494252792366672,3
173.07693850992695,325.7520794861858,127.29625808549036,187.9694243980894,87.62133049954849,105.80090463343444,0.9775406250678363,0.49400961834936485,3
158.3959401272786,325.3973404091486,123.76795027753057,177.14663802512723,134.42820473995943,106.10633114411942,1.0532875668817836,0.4133747520577958,3
158.25228791028783,331.0258674517492,153.66606365841355,101.5751888173962,129.8525139475345,99.10997588807157,0.8113052812782316,0.36204667811284014,3
199.1985366607885,321.69490486493504,202.36827502739024,211.4003125623745,115.86909435492811,90.6780249580616,0.8230345631358277,0.9614744174125115,3
208.9819360880109,326.3773538092755,193.92573507376827,215.83099833277416,117.37541432459932,78.66160464729131,0.8727350070705312,0.9966280209605463,3
201.83268447206285,335.6272828974355,202.09624474862446,219.94135976291435,114.3555695369688,95.4188379694807,0.8188196064708024,0.9383662638487099,3
185.54555018263795,320.9538693722592,172.02373781367783,202.08489371273882,110.3606225298297,74.01903957086495,0.8514889171885499,0.9789812205873796,3
165.6516751828991,317.25851101753955,181.58122726166414,176.69692708624132,114.80320191905605,90.57293870815732,0.7978139396598822,1.110965984710775,3
142.077836533039,334.57044088783977,189.23666059615547,103.38071395433622,128.26885432751297,83.65352605176383,0.6557147665328174,1.280038395328577,3
150.99502940069496,333.15165698349534,194.5884935859209,104.07590061883559,113.76259965721124,90.3231798574688,0.6657786670427076,1.1864684282874594,3
200.0882235082768,319.6825435888935,194.61059014736125,135.2329084345932,99.08098234009242,86.28471089457122,0.7344773723661109,1.06727615769726,3
191.58828510576836,318.63334402143573,201.15540979341483,137.4334820927389,96.63018153510427,77.70236049956134,0.7879776102400441,1.1019712158874457,3
199.75465491783896,327.25930066694434,201.57830282494527,127.91412010681194,105.46969731506462,84.67549348463604,0.6673694194674031,0.9288234930891405,3
199.50997698545325,336.686737866638,189.80670157979333,124.9458868553759,93.26652507986421,61.86541930555677,0.714269984675498,0.9507064899272765,3
193.69921653001376,322.18206834187214,191.37147459184916,175.7524091523268,106.89668850250558,79.93063257198583,0.9061281745064002,1.1330920586487876,3
172.35481218636937,315.78969302124204,168.34798971429367,205.6309052785072,119.49837306612193,86.92187723761629,0.8592291745770524,1.0097630943138616,3
140.89636824139018,316.630325779406,189.03459611762295,202.92579264537534,114.97006025368233,87.90793365517334,0.9200972790430981,1.017462328562043,3
155.86611747857486,328.44187279772285,181.0357909654361,210.61623277215475,119.39269453342769,99.7217815348439,0.8798363397903148,0.9978963773869619,3
199.19781789581126,316.29190396040826,169.13799984712662,217.92324142534332,117.78392642108534,89.5341909172351,0.898528940329734,0.959118170509381,3
183.91758016559646,318.69028237627015,173.63319394180115,190.907156827592,138.36854164577332,89.78974120250757,0.979383018896121,1.098797320202534,3
168.50343698155942,324.6285514345689,178.82361708774025,165.7787128044841,131.29537255792292,83.04158134633542,1.0615224747060688,1.2006339981833047,3
150.59206791461062,328.32491938091266,168.63940812506638,141.93822327625938,134.967666042082,93.74350899126688,1.0530973367147833,1.400667954003737,3
116.01558800908583,327.74963143914067,169.4916960338164,165.4104640953372,136.4573082304333,79.42706293716321,0.9385106778947684,1.1729251400038108,3
139.44780258799398,328.9844657313641,159.53687450105852,168.18913949009308,125.0799870375979,104.89783960673287,1.0051715460271171,1.204085769367282,3
142.65664216281198,320.00390511832506,178.45241497528158,185.15365729150068,114.04726455489788,92.72631099390617,0.7875250282059612,1.0727511610705314,3
155.329517619088,317.19141531266285,197.30470168699154,183.31972354394372,129.86362150757233,79.37374441904205,0.7256653985350975,1.0611238963738514,3
142.28253890059793,316.4674298165116,179.31157559827122,144.02761295071522,139.01266000716774,77.8318310133626,0.6594377671632257,1.0796402087044308,3
115.76166419322425,317.0461803259906,190.65186200660958,166.39909518278748,154.94093532755292,74.3783340237444,0.8583346202679013,1.0777717413270176,3
129.23561293167512,317.84261842377316,169.2537779464992,196.20000857000377,167.40998977265133,94.9398680616236,0.9174906513386827,1.0617131223309335,3
48.06931679155173,323.31001558170357,194.39986679034578,194.6667080293256,130.46727310669664,77.35919285914622,0.8805576561209748,1.1225673347367409,3
169.272018766121,332.6660108431683,195.9262845399585,205.2298274026482,156.95533308512958,74.04444707391968,0.8916707320356738,1.1153152316784414,3
152.21568263568753,339.8466699398714,174.01045897495234,207.84782426053408,113.49481766918618,71.21408604646632,1.0110641422542892,1.2565269340433711,3
139.6368741066378,342.64529351885477,185.82486169059,209.79285765542832,118.66395708404991,79.37747394265585,0.9972260009559303,1.2912723589783064,3
144.17154066049343,337.37568423110497,174.9930461707054,203.83368035749413,138.0447784794447,72.27659722575612,1.0022597726957854,1.3141716972153146,3
150.8438792716886,346.3470001777083,187.6655265360323,208.88777392636607,143.32991245788398,72.86638789846882,0.8136310160707135,1.0246200046095886,3
178.56352351313873,338.40527711980167,168.41658139531285,196.586544083606,132.81091221826864,88.14509087698247,0.9684625778766776,1.220912453641281,3
158.63478890786604,343.85318088900556,180.66107581158556,220.86946136822297,101.45562184441224,87.52918541092879,1.0730315852297432,1.2252196012904175,3
154.33185195280146,347.8826915531173,172.43782202491371,199.20620990493816,133.33299012388966,83.16906411640912,1.3688483075917648,1.5281557890499704,3
120.79767444638708,330.0860855890959,181.2668386215469,201.28536380096926,130.3273290273082,93.21698693906569,1.5879421160645906,1.0181907253312548,3
99.54768567906274,340.7922083739513,184.45712570641783,113.62937773065678,105.19117700733136,95.55297105523402,0.8998247075600293,1.4437368927282914,3
155.71255778125607,341.77222735974533,180.9511121023085,144.2956409386443,118.56118933381967,79.02775976218834,1.0228306380342402,1.3924692415748805,3
135.29450547730778,339.9689219889145,189.92107594492074,205.3461759517479,138.96465472285615,89.39842093126134,1.006831398423928,1.352356484329786,3
158.18384327180135,336.0115024881261,204.65970954153568,190.65635914403708,136.33221985386965,78.9138921280574,0.7980727973158159,1.1390608592761378,3
112.1896819488723,311.21784143148096,165.85470493266962,207.5901756129011,143.73551616450158,101.60225534324866,0.8967352614876684,1.149273031250888,3
153.89829323715588,315.97841531145303,183.47514044177365,187.8039254693758,122.46745156390375,87.3808188387377,0.8532305606443484,1.1094011595280118,3
187.0806781200354,315.8833987277463,188.48567666176817,187.52999393505667,132.3791353609679,79.29503315191795,0.8603761730360311,1.0096071994270504,3
190.54338900060827,327.89484154417886,195.85994095742026,204.4682018291228,131.49701271765193,88.18306944521817,0.9543520960234111,1.167164468575009,3
189.82280316643636,336.13177587704905,169.01041701256696,184.83394518570526,143.74772844851856,104.56369259093651,0.9344528764143528,1.083582890657768,3
204.61058789295635,336.20912005854075,183.85063883176915,201.72855740750518,152.06697094162553,97.27333635735289,0.9121111531183496,1.0833418373195267,3
199.6073875536367,330.11420612131235,172.58605759131444,204.45026558328937,121.41948807859296,88.40786639865905,0.9757789349761166,1.1351083915447764,3
196.45758635901453,314.6709749533304,191.53315230291884,198.72214330742918,137.75910765862037,73.52889253350378,0.9169845567239824,1.1735351382696078,3
206.42997905914214,311.0567623683958,183.54117041094295,200.71272354734748,161.39628648248527,96.983533112244,0.8569781337903405,1.0946127391816456,3
188.38947916291232,331.32287753062394,194.45829194550288,195.76718254247555,144.5162828257523,85.4387538625632,0.9448792183774902,1.1866859448305374,3
203.07488552233616,335.61957950136633,180.68890438950066,209.16776701104305,134.36653941257944,100.97123440891937,0.8818631023060982,1.0177112972094013,3
202.87387545875302,327.992901642312,183.45460795538494,201.34745714491552,124.06920292747228,93.11825489862787,0.8628788410207694,1.0374806892248414,3
199.19666460440246,328.5420120427943,149.36762799572352,177.83988998270996,151.5469307541609,97.01254581007856,0.8787221320215339,1.0539447508685007,3
176.58292054955766,326.0785371334119,187.2531946069179,158.72112539314728,132.66134485667357,88.90930302869225,0.9479513552656368,1.1482816540289,3
201.0375109900612,329.4589344477306,187.33953969571786,176.37194834911807,158.53711407528024,101.42134471673455,1.035158608888841,1.2846971580912723,3
194.0836581608805,335.02292408770785,182.67937471748337,132.83386516195372,157.65347936454924,108.72727169215062,0.5516014381844956,1.5374282440475224,3
321.3202769357761,343.56206838790933,180.2717259043709,142.61372787487295,144.00003648978512,105.37843313942676,0.44545110629603274,1.6694109050650614,3
37.8927052386054,344.0160640145298,185.09184477807372,155.34268916030516,144.01150635073807,95.44457532463207,0.8234804632766274,1.863516922264686,3
143.71742872841884,341.4902036953825,185.98318442833232,106.37483779919896,134.9437123004478,94.99756771937223,0.6818348395346333,1.322266712303367,3
159.06904693205158,309.3416105524627,194.55808277321253,152.55158372548772,118.92742166753754,93.20344752154153,0.6285803792299293,1.0303935030697422,3
337.9117769567241,0.0012036169885241042,112.6423382865676,185.01019431953816,46.463850394899055,64.12200718191667,0.4299622088660941,0.5905304132366113,3
345.86174087334604,356.66570688976185,96.4563862958358,180.16440639840448,56.67163710556366,67.40223994961298,0.4265378209191526,0.7723583677606572,3
344.48733459035236,352.95534235383695,101.10082471808958,199.6546125827223,45.92367296856139,71.82989880017902,0.6661592960248686,0.9987517084403361,3
335.32403680448766,352.75421867028643,103.51187221875193,79.1423456239637,44.41411827636864,46.70617836152729,0.907534124826834,1.3147286023741032,3
344.9912926639736,352.4598805614384,136.9324106378668,75.77814684253153,59.120607591221926,54.94840531860808,1.0276577862482765,1.457425016748094,3
341.5762916258167,346.48490268457357,189.08624325664647,177.18019249240922,64.29324835168615,58.08777322620108,1.5561012588353926,1.620011294399584,3
321.4992760613013,348.38721853298546,192.87223897562131,195.30876642100637,38.576089360704884,52.47676998513492,1.1467867078881833,1.6574261042285239,3
336.93350145347995,349.98292088771285,181.1228565429014,200.61556984501323,48.64779976197997,63.56868326520197,1.3095634625144144,1.9356430016867276,3
319.89204820479154,348.7711587230951,183.1159536343416,179.4257853552615,49.99095093127113,45.946443627018084,1.7887559855710455,1.7652671089111047,3
335.85747391559767,349.7831203663016,173.62331359136542,178.0012382750426,45.89421030035476,39.0531369460266,1.7333210434248525,1.8369446487018959,3
311.7696566629078,350.84765353081144,186.14922739181694,190.18671510191078,55.49503739289253,39.68545441110638,1.6396065417055552,1.873247355072581,3
324.5400146591234,353.9018509982083,196.0399433060496,218.39046655206928,50.634914422115685,48.89217433202754,1.750430665240872,1.9303105799509472,3
316.6854145789103,355.1208249374902,186.96962329457395,224.9999999999999,57.163871368251534,70.14478563067917,1.1139401349634164,1.598112164957869,3
350.093421842325,356.4093816694377,194.71333080215388,196.42724732399282,54.68125311911592,62.52886650403735,0.8698865598931722,1.6010971715539526,3
343.6286210225797,359.5699851263157,182.22781973690414,186.44953472303382,64.51692869244027,42.12509729297744,0.6556105722160713,1.5512376481102061,3
16.880608737745845,0.41632543662331234,198.58893173454302,171.9763457683767,54.133290016706155,55.061996435724325,0.5933948668424143,1.4545798940241144,3
35.836170336100004,3.708527160906514,199.17619082407,175.74077183932172,40.55938843313419,58.99232183642761,0.6860876538311913,1.5006420983648263,3
65.3715529630428,7.157851190930982,198.72578784527252,167.27522935325482,88.43810516231628,114.28339027894404,0.6956971163377248,0.9530921894460499,3
44.38560506025757,7.896758973907246,191.7064367320419,175.76714375608861,90.13646468125148,123.23376434983257,0.7873859431204168,0.7591331702983115,3
28.291932516021614,7.0118582744751095,146.63845971943044,127.49251494764268,88.24889213712862,144.51836089758672,1.069318518685096,0.864805288340865,3
16.871354523975626,2.7565749777349664,127.59565941638787,138.21409786254603,79.34003107736595,142.24066943797487,1.1484536700765273,0.6283707759859176,3
9.154158355642647,2.1982363123544766,154.6336033636633,173.33540019618047,140.0140492150006,131.67687957698928,1.1890467541005216,1.1466447026901398,3
326.4913672427246,356.8068776843484,184.2621315719144,110.18187095767766,56.01411678994248,45.17957689202467,0.8027613606789499,0.5319579842538616,3
336.815375594196,355.5135046205419,186.48657236317555,112.54150380410019,72.29607560170723,49.70550713224543,0.7535308324507264,0.551798820026162,3
319.0777409168443,354.58143707911046,167.54392900800946,101.30212331780393,60.54536839604344,61.7176004483095,0.9710099250013239,0.5861226203000501,3
339.9210719826837,355.07461025519353,187.1683565671962,95.29581732247698,45.27535652466969,48.58649679341727,1.1443225359036195,0.6993242524238371,3
321.7961244102536,351.8603966460948,215.48954357239973,106.40553165981285,47.76804134305547,54.40169788050389,1.3903227588721054,0.9168418887154965,3
321.5064201343889,353.92088372120304,120.15952577855842,140.79508498501605,47.249683448758276,27.53935918408598,1.5505520248758826,1.4756008417143598,3
319.87224610307646,350.71344321375625,163.73512235067497,174.65761698767056,41.023497552904075,47.81956955572127,1.715296294903695,1.6082635899007678,3
321.31222113424616,347.2149945148789,155.07152586453876,154.6896435352838,52.32711483268184,53.27338628043316,1.6512515214204626,1.6000888933550885,3
322.22823426130736,348.93864463254556,168.78936687112332,172.5087342332397,42.81597919702563,40.43175120071669,1.8068756410049747,1.8058775707434414,3
318.06032302921216,349.775571727027,171.9626326850782,175.60129464504217,44.157829541396666,38.41271208460125,1.9790969420023694,2.0353805586084577,3
331.9948438398956,351.0490315569436,174.11401216697175,171.1123976662473,55.50378060460804,43.210089391753854,1.932217222464625,1.8998784832226625,3
317.7705939106262,351.62551556367686,183.868034612904,166.40905155215867,42.37030909686581,37.123697888430286,2.0664679128426564,2.0310804220292105,3
327.9571571064105,349.77652259470756,188.36431466885762,180.42317062313933,44.96579356853397,41.152818759040485,2.104560231434165,2.0042450687837023,3
330.5920840030048,351.7076309521745,270.3860099985502,280.1995659454751,56.26914288942106,47.750579724364684,1.5932566275749627,1.1375701997043537,3
348.2106421377061,1.6838021237527414,170.7305921455075,224.1562544001971,48.55618109062516,45.960538307682896,1.5505576379935095,0.6301903938260462,3
33.14546164976281,3.031595637026669,179.19679498230192,224.87988323779004,55.14456716880483,52.11305981113259,1.406160372157644,0.697513572894153,3
59.897496123788414,6.33113386272106,179.45692829527985,201.79528487071363,49.99676066457141,39.888483782103776,1.316714857631211,0.7295889069336838,3
68.69421638429884,10.09105307861563,183.049382472957,179.82759038983076,113.98341511664006,62.603585766921356,1.3615630105799756,0.5494590216782066,3
61.31709926637848,4.914649811642903,170.82548185017748,192.4191313374823,106.9768781401562,78.62114721497886,0.942719164889002,0.7344214505956971,3
40.51799875445613,5.703268512648947,159.66885462831505,184.16364272715916,108.99835363146661,100.98008993242127,0.8394373106306144,0.7764405539463247,3
31.416385624521695,6.0256044893684475,155.69674897189844,167.61547446176874,134.29964859785332,87.51044707800077,0.783881460701118,0.8463144229891619,3
25.80246071197405,4.6082474551173505,151.8705370028017,154.83144890062766,131.28936143644572,91.14006403378636,0.7536754916946872,0.9942314514985301,3
27.60447849108482,4.52577125837098,139.59810981504006,124.03494529037397,136.44942871080175,87.59333291516009,0.7647575507347646,1.0772915246940906,3
23.051025266002966,1.9565685439162621,154.2429717650139,131.84007174776895,138.05516893411664,78.29622841747766,0.7569497822428828,1.2715071328645826,3
12.341068783536741,4.287646578171177,167.17526916386404,145.15231620994038,140.791389536893,135.51616425967586,0.87788414106455,1.2368991062037913,3
23.483438436187384,3.6403020473677543,179.6792432137066,171.33039501701484,125.1644846302271,112.07080245434256,1.2775130881450778,1.3178582295722787,3
198.50849491411648,328.39161644915214,185.1185306948828,183.74143235221555,85.91717784458672,111.54245997491677,1.1157499537009503,0.962682420795568,3
209.42115929028122,333.48289202958455,193.24051991518712,181.270677686868,75.28437363433665,99.90931707567609,0.9953358558987082,0.8296119390748173,3
200.29687976922386,322.7222698951334,149.7006607257969,167.62926900115235,99.8136759610639,112.10629433306087,1.1625307740970847,0.8766201167650624,3
200.18367819572777,341.3030960228966,131.8520797166208,189.6906076199019,96.90032813707433,93.85063883978728,1.0025365831966424,0.6456400330476179,3
192.3788061833102,337.02402206841873,118.58382580543949,189.5715956671176,88.30609501186547,77.32233059240838,1.0546794185744197,0.6921141521680443,3
199.15163568912325,342.42224203937684,121.52000874230315,191.56824263156275,106.13924268649771,98.54803494198649,1.1266101005474898,0.7063848242376555,3
193.22474278421464,336.7114957164257,134.05852293963446,192.37966501907252,88.77179472815271,87.29513369879743,1.1907291806811224,0.7511974207918871,3
169.5323893022584,316.3439097325894,178.4765352083481,171.6523344107359,78.73030182740615,106.51885195551654,0.980911770995047,0.6842904943102842,3
176.44746756315246,316.29073493268476,200.74550691373912,151.73148720162018,102.48041090553085,87.69845377487678,0.8968924701754759,0.906025897557042,3
153.44518264345967,323.68466733105714,206.85844324077829,168.09314709158556,138.65222275041862,100.5754114397655,0.8886477861650992,1.2476237263769518,3
193.76848547004352,339.1781146409038,223.07939985361458,184.44295970622542,124.70248226638853,158.51322548276295,1.0660667084064888,0.9456870271317767,3
166.14682158575616,329.65077829374843,178.3476952374389,172.39475947834455,95.2959913378495,143.87951901541507,1.3818110253424352,1.215600309397111,3
158.76403058602278,334.8558813257291,141.15138072537954,169.90670870231853,103.44410466566814,132.25504410616185,1.4659633482233627,1.146711646622803,3
120.0358600971546,333.21445091832555,153.86348069380784,167.2059641388376,108.3424244716706,133.4413158136169,1.3568591141197206,1.1286654283655722,3
119.88530284999466,331.25710809227417,149.76526718605686,171.6033316621998,97.96816712895287,136.4647146890574,1.382727955764539,1.06949380940816,3
141.7590494428078,318.76983050364396,136.12720206613818,183.5322946260804,81.11050581806302,120.92016968886793,1.062923231487439,0.69031278259057,3
137.32914247717213,322.4587308726652,217.81124820861098,183.32254239860399,97.23091508464398,161.4491852463511,1.1393666368174367,0.9339271772008412,3
139.08746582802323,321.2577729384474,197.1339452632951,178.6712124698256,103.16872074411339,134.0576782720841,1.0405208062373232,0.9104843233803155,3
129.60288065583313,331.0534343359694,205.52969799053307,188.790543182814,75.27576353265664,134.19307055553048,1.0852626497033901,0.9246772119119399,3
260.3208123042285,340.80075701177816,201.12471916539974,177.97589625772352,93.39971415912333,128.54450154237665,1.2566949236951346,1.0396231274428942,3
152.80675382208867,340.73719415037044,199.55662284995572,174.27216467839457,103.56934068291633,153.0008981918259,1.2095268153507948,0.969596311648886,3
130.21017023035367,344.5875846948263,207.3835066387666,186.52833640475578,116.02197948335416,159.11274904990393,1.0199330233741501,0.903922956163867,3
185.91276453706917,340.5519485994097,218.19116446920395,184.35761103058368,97.25172064243469,152.81049638792226,1.125665708701404,0.8558389433457936,3
178.6756620013353,347.2187822691268,198.51227101554045,141.7245811187694,86.91594593672414,138.71857259659168,1.2854261829912987,1.1323323755328862,3
165.50739489225498,347.18375866917654,183.32292946111357,149.39322186809397,88.44095025157878,158.73524358419098,1.2845946998090578,1.1900701580395339,3
122.8593782108481,314.8808201833,193.33836232930477,173.9204110421617,96.09277166231135,150.09352272512018,0.9145317352996296,1.7017888697892567,3
91.0819033861817,343.46018943906927,108.73389485607001,180.5315452571733,95.9061411137705,112.08619094218787,1.5313166091449202,0.9047950369032282,3
139.55445659898092,338.2920318359586,191.82167932462917,182.65419551340665,102.49646564848535,129.3255163787881,1.371573810172019,1.0185004452053734,3
162.38334363261816,336.91391041023076,180.25216704665974,190.3355829163617,107.8503183022168,123.76915642273093,1.1501397514872307,0.8367313886581627,3
157.7431682014513,336.6931950926445,169.30628156048076,178.9156667840524,109.07832385377668,101.48837712649902,1.1999055673904142,0.8620256514647854,3
175.61902496779118,344.82074407247313,203.30279464480705,174.00879628560918,80.65838501405352,111.83989069491852,1.0001270929659174,0.9293669256691014,3
154.91640599380912,339.3913136809127,212.56768157472249,148.34625792881852,72.10533976595565,102.1886332019318,0.990707197678491,0.9792033354771863,3
114.56158876322647,318.0006503452892,201.28381055588676,176.40195993863864,71.08087302191194,113.28235621348966,1.019186163405247,0.9685577662400812,3
104.39946473575887,310.218296610105,203.90179163651126,163.1666074123183,97.87665546089602,144.940573033113,1.0747677888682157,0.8786335451618845,3
183.80302298597027,317.5643018764582,212.14473191760027,163.28355111836999,93.95188451478771,165.6679343334169,1.1558238125548992,0.9345234051052065,3
188.90096285172865,313.0104057353753,206.88367962882478,165.40127972790364,99.71668582644259,137.8206862714289,1.0629877595549144,0.8838287528527216,3
189.24783938342273,308.2652008049931,216.50890291182554,174.1853563803335,104.60251438092047,142.70828656691134,1.0187384283988266,0.8102963523085036,3
188.476226508098,328.6641981807232,233.10131532952428,189.31081715567728,98.07569837272155,141.03481646121327,1.1998591545984694,0.9857562560368055,3
191.84093268610476,321.88992420034924,203.01697585580396,180.41165051065255,89.71062983655946,163.85674810648615,1.0351780202241931,0.7995443916899059,3
193.8186562678458,316.8519249362426,206.0791003405618,180.2163115006481,93.55247734213668,175.36932919370628,1.0370043810593377,0.8366107601293793,3
196.18847041253255,324.38455501840104,203.96248897457815,143.62672304234516,98.43633686480752,165.09268097804284,1.0564730117120809,0.8995806802005738,3
195.10913183893265,319.5441331850165,210.79990633223863,169.63877445227484,85.24167417960047,164.93545908410528,1.1516461728083383,0.8683190008707423,3
185.20996874350269,320.34977346084565,214.27736133313405,171.20369767167324,98.06885172758058,145.22862997961678,1.121472908485864,0.8761132512828871,3
201.47998009049022,330.56098812432646,198.76286073418353,172.7282241861716,121.85593422106916,157.2013656255828,1.0279279852371126,0.8541978965579156,3
198.2032544531677,322.33043985136857,204.03205665864897,186.33552808173124,110.98053422836011,150.44652062962885,0.9926395008932295,0.8648592564085429,3
198.26729524555128,310.0985231711627,208.55962045756985,183.02628615621026,104.78009715269735,157.15276254347012,1.0312657048800618,0.8448435984654785,3
194.93008540726314,328.8023992562195,205.6592645061691,193.93808392799647,112.08864033619864,157.48815349368144,1.1711376061308452,0.949168922895118,3
200.68065668267974,331.15782082046456,201.86430276139083,184.9013770048643,119.02235777257536,157.74333639623475,1.0567212698666355,0.8767080425340164,3
205.79350645797714,330.65587485195454,203.5751989416745,177.15498430773107,123.27911109406409,161.63608483708032,0.9782527429712621,0.8264554347751136,3
195.7488960446153,327.6732321562095,199.59228189105153,158.9602552790478,95.6086936016095,147.13096022091463,1.0270513504797862,0.8702331582557526,3
187.4025845778741,329.8879749358014,189.41822269431145,193.60054251665872,102.26115860376069,141.08342866037998,1.2711013107229647,1.1088015509368632,3
239.6104289895175,334.1352816552591,139.75210260887485,198.43494882292197,109.69348202973313,152.0690804924338,1.4812806082932126,0.5377047107572926,3
282.1380752276534,342.4969048226309,148.00263542181992,193.3495760176181,93.4957962878537,154.0617116656418,1.8178196316520094,0.4503443546084025,3
94.47456670840175,347.8070527799093,142.83552510648855,195.3488421779244,104.9705241577048,155.59350279694627,2.0750066622104666,0.49648675544966214,3
80.82958955658636,342.3507403302562,142.69573287008208,190.70323153280748,105.13267960304299,154.18344525127063,1.7239014912982449,0.3981453768946783,3
97.51673610821214,346.40840402439665,161.7007585962399,191.89809429214017,95.71059311989688,136.13897923843743,1.8360143242469897,0.4786694483591744,3
104.9012248837564,346.47299745526493,182.7172970735461,157.24836756858176,93.3265888678389,133.17069054752764,1.2256071508434452,0.38575604608835523,3
98.33755516501122,351.8300381783227,149.72719194599864,191.0825694630296,109.37834454536332,142.22233441545208,1.9260172125087074,0.9053626909946397,3
43.176445882185526,347.08718903577056,160.75703055724594,175.34563175490908,102.9844775522501,137.4010534048615,1.9016848065092486,0.9018143742656524,3
33.87729236958794,347.27716482740163,144.7144351554435,194.8463419023241,108.59303139699503,139.56926961374128,1.8658329898649422,0.8278515801296856,3
77.21337096334945,337.8653683571405,131.33221193391705,186.27741500947957,116.44976807407241,143.2944431455735,1.617264382596606,0.6180176825003284,3
122.61212030882321,335.54568292011294,135.68175982199546,192.6899578958781,139.5130012091047,160.07591484075905,1.6025288957809876,0.5904367053195135,3
135.84034375177143,342.13476881849493,120.9359632868545,193.25516416536848,115.44441286420314,139.0431510037091,1.2856998002228603,0.6161113626918769,3
129.7257186950855,335.2472386269807,96.05042668980703,178.61726692890238,110.98604391192285,133.57365282541983,1.179340816642512,0.6286152211934687,3
183.88151290161665,338.716655390122,118.51586841508514,178.37901496859536,112.39739281635124,146.73626775293144,1.332192516537826,0.7937776971355545,3
93.56846799043296,356.1574891736959,185.68426780244408,193.7469950755396,159.95322468095992,127.84650944102009,0.8604126892336293,1.3664668667141189,2
99.77348706260005,357.96138055955214,201.7600837990464,176.68774535772172,141.9721539510668,169.85965288122318,0.9110024216921178,1.1494147811595956,2
60.385188353653575,356.4261754218959,193.73491770450357,219.50408418791298,105.67985395253856,104.01788335975985,1.112905689587212,0.8518798582104449,2
117.27625451700499,0.8732278966615468,205.8066366482002,206.3603198092209,96.39862897951929,131.5739648537367,0.9926912523552656,1.182664697797127,2
94.40656013400013,359.30954118690005,130.5525533960577,207.34442930966742,144.59919609956307,122.86275621090107,1.0216445475893385,1.0478947284013589,2
94.70747157861524,359.60957483681074,193.43102887068162,202.34364777369066,127.03751620708113,98.8341041875409,0.819356051800828,1.1283714197718362,2
119.18885872282765,356.807527387068,208.6264506729498,182.30630486721694,131.89397290438353,129.13408513095936,1.1323708032489794,1.0850479694425852,2
102.7679704946953,354.9173574653271,122.77747508622936,184.0014635311932,120.9041280341294,92.16976069313108,1.1375245363670217,0.7545068124270795,2
65.35551389087361,349.74500388273594,161.56505125134055,220.97780918683821,120.18259484143823,101.58449242031185,1.0482654463495333,0.9835733099373702,2
122.16257063492525,343.78684187613356,214.07166656724718,163.49563859773937,105.29948559356188,125.82732331638294,0.7723730365653207,1.04383570949482,2
116.08510546479035,339.17385761088053,214.8594198640693,194.86807622300387,125.89255073421478,108.97254572850412,1.039517813124108,1.0293773037246918,2
95.86285410140096,339.27156835915093,129.1012705386703,206.03584858780178,106.17058870911174,99.43652160143301,0.8262587985568676,0.6931430858847171,2
102.51363629472121,342.74183096502236,197.7915393279068,159.4323493968377,117.56059764430529,82.83197468042346,0.39099713762080646,1.0876972448340325,2
88.9623825578895,339.2618534688721,200.9056526778919,96.98963090399563,99.4133658481706,104.64990411431552,0.48676137889147947,1.0471047473448765,2
112.43461356492129,337.5294327853099,206.00433924641817,185.29704810459674,123.69006752597986,82.17750426863444,0.9520070806982514,1.0183667493683275,2
77.71813057534513,348.35593766262,213.49396768930228,127.35301081874644,110.074943085672,120.32094055303025,0.6331097042707101,0.9957385366232484,2
120.12017785422529,344.695403088591,208.9212634138404,194.6255200982242,148.96833068323974,100.18548964730093,0.9892096894922516,1.0268421770379559,2
100.70325745844764,344.2064770303279,165.5663355334674,200.56235971241603,118.42375710494889,118.02044665487188,1.2575888103078743,0.9595640389075996,2
111.1445222454671,348.93685861614534,203.244834070607,236.31281006876213,111.03498561016795,122.20948418818557,0.8978277011752065,0.8431061935772,2
153.27139082765433,346.51954627247005,206.22551290826,191.4773973452741,126.94054592016667,130.99342131112434,0.7637528877910256,0.8026847337157784,2
70.5963742621442,356.1493280492843,78.0553110958895,194.26978475407984,138.9004937423817,122.59277188749633,1.1430411334983794,0.6517935637326424,2
47.338676036155974,356.0414208351587,196.99648081729296,154.81268295197867,130.33890951490562,166.9804481502475,0.9679190636443189,1.14157938388127,2
71.4406889612082,351.11076182736787,187.1547387217985,208.354961785324,104.4983841578873,100.12527154629424,1.1872182307851469,1.0062897676123794,2
75.01657033846207,22.7811584710546,217.84437996161407,136.92338917751965,102.34172011443837,104.14671011480715,0.9405236197118131,0.9951254711553528,2
81.13029749870907,75.15524951034425,188.7489770054008,193.93455697019786,114.39179789263659,96.30389906624742,1.028426531591718,0.7631929141955991,2
96.97234873521256,358.5971184673485,215.0222873798495,196.78677747719016,102.71639584006044,96.86556380297202,1.121597253479557,0.8439390449858228,2
50.73437769778849,356.37947183931976,145.13262340287204,226.16962141271608,116.90261829413083,105.62428600706264,1.1881196862807322,0.8551529812350355,2
61.13182130211999,354.28069486245425,181.09504366035225,205.34777420056506,116.91020229253041,108.52981611554338,1.0835466744612294,1.0479210209585008,2
90.62740366038196,354.414345003865,181.4749765023528,211.9693537963804,92.29746081854785,115.27987462086276,1.0499502799740745,1.0896977426035706,2
98.0394445508366,352.57216140959747,226.33257389867862,138.78830813538676,94.96489597309721,104.75223131885656,0.7680827948997379,1.1458951397389994,2
114.49687379050931,345.3278314004026,217.69105012479653,198.44425157688377,103.16467105341223,93.08402800833801,1.0780940871977764,0.7924592527755738,2
125.45686944673815,339.21896667259807,168.42774186522226,195.02742104293733,106.92168091326187,101.04044552413063,1.0120786372926198,0.859570101093026,2
137.4616966737987,336.8906739101936,184.11921596445077,206.5650511619201,108.03428556712987,116.47339895801053,0.9923220551488252,0.9743647132961818,2
121.69332627638875,339.3326749058043,203.81435617200623,195.33317224801368,98.74809572269771,119.04982045932445,1.043405099349289,1.049934906817338,2
116.6622366632024,339.6823715272584,242.22758136756516,177.05837895175046,109.29114143923005,94.88005996340945,1.0425299074267222,0.9616622624934439,2
104.7154753420144,338.563605468277,241.0027490144126,203.27852773328993,117.54340848315655,91.54969114773877,1.0493882589257166,0.8686726418679298,2
87.75266249542972,340.72118551104757,107.473799929373,221.58341180822876,98.1894235068379,105.24791259323374,1.0160115688230147,0.6176713747974542,2
106.97004653902621,344.8185025600071,186.40272752935516,236.7642958170595,100.70272745965798,98.37014735670408,1.0341601863900507,0.9397102929518629,2
121.19343138321979,339.3617180578415,229.65115080959706,179.7010032124757,127.43344437562905,100.37863005885686,0.9667097153740823,1.1782921727206275,2
176.8750289182959,352.7210811529369,190.8230112955013,197.98551860182872,126.65610848841416,121.94072508148514,0.8908652407948351,0.9042547489565352,2
181.9255180358158,12.53747931524714,169.03779085803848,167.54795214092323,23.538233199047227,25.87577615454171,1.4698475609688544,1.5205498550948398,1
180.91587064207002,15.280891340199503,180.25260501344155,161.8513232145974,25.7251732096899,27.24010337005143,1.426075855220977,1.5011385842160305,1
184.35975782431345,12.047510003899902,174.21188415028982,161.81654149373773,26.692687648471292,26.443690564124267,1.449760811754111,1.5442956704583144,1
186.86697276866894,14.336749147660782,176.05481378908738,161.54316794334284,27.5223704680306,26.9410207842904,1.4050495180658396,1.4862754823204727,1
182.3245156646501,12.188698738707103,174.31898014707605,176.8450982478806,31.092631545127972,28.855661219716524,1.4033313254648316,1.4836951632339574,1
186.04935272355937,13.472954344906782,178.76043417973074,164.412988725382,20.630563851201202,27.50338770505209,1.3850593460597653,1.4714057170954655,1
183.42119460982772,12.365367681323562,183.40835117868338,170.2294117223752,29.171032183509737,30.089396428143573,1.4875261093509633,1.5476554573783596,1
185.6703573438939,10.900079054819855,173.42886722672665,172.45462596377996,28.12062455327191,28.126699848147723,1.4503775323903116,1.5351435522814938,1
184.06721851007083,11.490932504439058,167.79534676270717,168.23316196331078,22.738081656861652,16.99928252707315,1.416558810530854,1.4626845176825118,1
188.61640018610015,13.554322354742851,166.0084658190533,164.90705338876575,24.761103218095798,20.164700603610697,1.4832390115214014,1.4369369459883166,1
188.07793136578562,11.269565677901369,177.152271853581,162.6245250766982,27.554665810760298,24.459587316046964,1.3461113515661154,1.4427979225255223,1
181.96282971541464,5.900035627055843,172.37851283453648,175.78582148644105,17.41135849377332,29.620002361479862,1.3383976680128493,1.4635939277192254,1
183.78575505177562,7.0526513328301235,168.98062229839374,167.96022446153285,34.831483265363886,36.05604371011469,1.3986846129977892,1.4728565839374945,1
183.1537205323115,4.350672718420128,180.76389846092997,168.2709397876839,24.597803839707012,27.27676340685548,1.3677052890377916,1.4385749020558045,1
184.27222481096823,6.521925154521227,168.24953287921596,172.47525214004943,24.86195920245399,25.352500009743608,1.4134897651257323,1.478705466031086,1
192.6837822482564,0.17418051161683934,173.20588607851442,158.62229848259216,28.08722506427341,26.250443361749603,1.3607623301667602,1.4007634736903827,1
189.64584425425582,358.25612503804626,183.5797341664058,168.75937237035714,23.88999712193663,26.67900838834828,1.318187183155365,1.3673690016819886,1
188.23354033638736,2.111030023782746,177.69795156208332,156.93547998961708,21.714916987662605,23.61733785890044,1.2787341663770964,1.3126724054961691,1
190.87684225113597,0.049324780213510167,171.27155268635826,168.1684556998841,23.232539078391596,26.389835269346122,1.3812456060433833,1.4888368302091783,1
188.41794786288398,2.6416979148832525,170.35871839390936,176.31300685104023,21.454001609919203,19.960445373360642,1.4078925332586878,1.4650670053569963,1
182.33610928574703,0.35460571076356473,181.431550032089,166.10575321660656,30.49644780842442,29.557334410807755,1.345149212438717,1.4353025192648827,1
358.8307627034593,342.88227477325574,143.3013043730611,220.04645749709186,231.694229189381,112.50738810094188,1.437800122475115,1.5141524942419036,1
357.97418551214696,342.32968253105514,149.3080103112945,220.0464574970918,231.6942292195573,112.50738810094137,1.4354889854531763,1.4993822776515047,1
359.49115709068917,343.85792279402216,141.80663620112256,177.4010127509813,174.0938588862294,172.7941338207838,1.5044905669358462,1.5107369209614117,1
345.7707591855058,343.34561436273884,164.39867364807634,175.30159447648265,182.32878496327052,187.02944408945487,1.8320841633063811,1.8060694315996102,1
357.48454736950845,347.7589545273959,177.17082419144123,174.19313308166076,179.2151753955101,185.77251121370105,1.7418542954331353,1.6633923659718042,1
244.93942137606197,342.0935015600344,181.10733443846044,188.92626816434617,191.41895492374476,203.58844999634556,1.5282271756955295,1.4397405532526693,1
2.489552900255679,344.52328578779844,169.2369082020466,191.15634457918802,191.4189548448258,200.62292605243383,1.6699047840940164,1.5732148182971872,1
10.050830304622266,348.7185089905661,190.87862425367004,180.31000857074935,172.09015904949476,186.87016785858714,1.7694357379525694,1.6353556792353416,1
266.9052229738177,351.4679132004109,181.88002215173924,175.36075359142433,200.39896810472564,186.79116862261583,2.08492144515045,2.1111817508488566,1
19.994822075866495,347.33638791146484,162.78723966935846,177.37230306034343,198.82544767566304,202.24902355502178,1.9339929355535317,1.8258699751224026,1
0.584485064134703,347.1734479251294,172.0312111624428,183.93300945545093,172.80548043140806,181.43827368722455,1.9168374143235136,1.8724553258603476,1
354.7223570259023,348.7413063984343,177.92040368934332,189.64605413241526,180.0,185.0329500795831,1.7710576882652067,1.7450959956157257,1
348.9051363994029,343.13022490786386,164.7247633976591,176.12157647613813,183.05618024014106,185.99914946705098,1.5635039634875394,1.546120004808114,1
347.8762300847142,340.8465429958044,180.29686670354607,179.84788439459282,177.86832231012835,196.89455887405268,1.6119104292561846,1.6014729438462791,1
4.471473268296682,351.7080934952989,178.19400329750283,185.98756812742363,192.23194101128288,212.7086512717304,1.9714327774454783,1.9746305308698404,1
16.507602107148767,355.12868271613047,169.7323350863131,190.95908292698283,183.19533859587753,206.10083113879162,1.894423625356116,1.9713505393409034,1
17.46088341730319,351.24646596573876,173.14942574927818,186.82781071031667,177.4895724581257,193.3772412590977,1.6930198572841297,1.5057412405885164,1
16.028710689771074,350.0408183468861,174.917432747395,188.9258259068951,180.0,202.18899145204512,1.6909461087358042,1.6342248888974218,1
20.309319126368948,353.86204319793154,172.1560906999421,185.20848584742788,182.01599689380967,191.7032611659567,1.6109084451909708,1.552574833158323,1
14.669013600487496,349.3279322489974,179.20427644726064,185.20423143621284,182.6647688269048,195.60488233783738,1.981347458311337,1.8579729851603735,1
31.937631627032715,333.77713083730606,183.9695138531583,178.4630097850055,183.70250243789326,175.1354855622398,1.250019444054364,1.3767832633056865,1
26.04625053056185,336.26001068604967,175.8872687139924,180.68952204412776,175.81508377104367,180.4088314472701,1.2542928148444554,1.3355073424443284,1
29.916865865634634,336.2859978113084,186.24987233938853,172.4194824523034,181.20381325348305,185.40268612469674,1.1601049973625053,1.3358697191867732,1
30.479409237620814,338.3117686050045,183.28106208657206,174.8578747612357,186.76303115058133,182.4925318537059,1.07597026374501,1.2956066870686107,1
21.71758068296731,335.8780255678452,181.1886613674653,184.42027756011842,180.2645419270711,177.8789036194993,1.0815729504244622,1.2563829478114286,1
21.92617097049373,337.11607976842765,174.52464610323807,175.6101694558868,194.83196698282836,178.70206846011902,1.1478595006868604,1.2951081985580482,1
12.5718731201448,336.535850349894,184.41265156149697,184.24759080638688,190.44811950113058,178.28902587569044,1.1561412709206902,1.3377025521557036,1
21.650547031866722,335.22485943240525,176.89060727539697,177.0893459360706,180.2626220711069,158.77135866619733,1.088683620009649,1.2283411697961417,1
19.706231002355253,337.77669077243587,170.8544435073076,174.98634937050196,185.54138267307923,160.66214211123642,1.1506512961890645,1.30224622765618,1
24.304693073786098,339.1727383106723,182.96604088998734,174.78017590466365,177.60346411103663,186.34019174591197,1.2609786394104134,1.4227653224041035,1
28.183712101140372,331.95249992687195,174.59287666821078,171.47715658157057,177.60346407471926,186.34019174591197,1.2789366284947685,1.3580576664802881,1
37.659985260856274,337.5231367335452,183.4587243188063,179.40897353538284,184.5561956955673,171.57303097852068,1.2706310729728294,1.3095798387755568,1
34.614450816788974,335.33757602028294,180.09838991689367,195.61920998307744,184.5561956952082,179.8629290527351,1.2679939531725855,1.3595127682233956,1
35.122098853107275,320.87606348528726,188.7852988322302,189.54520237959278,190.69286736336414,179.86292901864687,1.0748666477718272,1.1643985318243228,1
35.82008562738304,314.99680856795794,182.79719136431305,181.08350200126196,179.8099649787362,179.8629289695602,1.0454752370712102,1.132558940115291,1
34.37904390961444,309.5094093799008,189.30388420610387,164.9802940715565,188.20448606955372,167.33974169471824,1.0832736780773486,1.1481486006610797,1
241.37428750349818,307.9819005335387,174.72438687476674,178.79587727016286,180.71915611654572,121.08547388196607,1.0615233932585684,1.1574982019929534,1
33.23398676803839,317.8372174586496,189.1315952214028,195.5270484133529,190.70189602503413,167.47592083581904,1.1324305020579604,1.2115813983003352,1
27.43284485471662,324.05670001033764,173.53443862104353,159.56402961633935,183.33316381749168,172.8214862067839,1.076772203177213,1.1520328790204273,1
31.944106017802085,338.08789286366505,179.6600340822755,185.93837870406048,183.33316381749168,184.31193408703098,1.237538691605846,1.3600518347073915,1
233.0178922499854,348.00308260522854,177.67224344599873,181.26859532954754,39.09056895510696,38.87500915839939,1.3750542669618193,1.6659642168694204,1
234.3168965983564,347.8240283155902,184.8962221130462,184.47727531952583,38.02723072605454,44.05304861420552,1.4034381224375554,1.7138082184667585,1
248.87665092720678,348.9308079326481,187.93053491262987,184.88017116083392,37.56337926724325,44.66556304013875,1.3013894038199223,1.5857349888860823,1
238.4444157348105,349.85983420610324,184.91661411195645,182.96741531522667,42.90793372051985,49.5349614108863,1.3551889752831827,1.6114013743537081,1
15.744552859045996,354.06361984944857,180.93809754982155,185.3833720036327,36.67975748263035,42.11550632143559,1.2876959441391898,1.5391323192735977,1
331.93127992121487,359.69867260789835,190.26640360734038,191.84308824016057,37.253736824611565,38.87500916185627,1.2755969742603448,1.7885450563946208,1
3.707063646329459,2.7072821737779122,176.47876539442967,181.45675668573733,41.110920214101384,50.152081769652,1.1676400718270992,1.6782047514238132,1
4.960592910811556,0.4749895987742434,165.16451112983214,192.77144744029073,39.765464847215185,41.237154745058206,1.2922284376473803,1.7507693565085938,1
353.9282114146876,359.6003621876256,176.39900250325402,197.0366121261854,33.971238116861116,57.064884405060866,1.228504219451884,1.7026313905921389,1
10.669193814390951,357.31214089278353,186.94146850272844,177.51881062747177,37.03075689967437,47.66175203959165,1.2404231175967837,1.8443311257011592,1
156.98082650069236,357.9658975825736,182.1942826848501,180.0,38.91105863522142,46.65893242925131,1.2793973195467143,2.0613977382315034,1
212.52518613663733,359.981792807514,183.31962744373897,184.41996012569587,39.67112680359378,53.7036182533692,1.3251470522087587,1.92091724262115,1
172.20830195463282,357.19529643917775,173.29757843767706,173.5820087682461,28.795684880155136,34.46868916602972,1.2545050100725539,1.7337978848030946,1
143.5178926954238,354.90977669942936,183.68217426112227,186.41330414286614,33.887360044846275,31.083486030193285,1.2541292424547332,1.7445657814745312,1
134.98503375405926,358.07995286365514,181.04276132055287,169.74067412426967,36.249669854039325,37.068210556730605,1.258242537394841,1.729279983149332,1
155.92803540815748,358.282523557239,183.46994585645507,179.54621051965918,23.888206430414186,33.52199238458286,1.2938810666609712,1.8461528031801933,1
149.48010620968657,336.28458653511353,185.45517165240713,189.56889598019626,27.135825034080028,38.434966731436305,1.0049044572205748,1.4896594432882284,1
155.19903503283552,336.83647575140236,183.2263314315246,172.6386208814982,27.20090114500624,26.976439135751093,1.018627779130179,1.3527342994271954,1
109.24294503638555,343.0988739315151,192.64599480250695,182.88576424344066,32.70541448517247,32.32013907486947,1.0141438344277292,1.3287853468688087,1
115.24816564745691,343.78723189681796,182.67763151152118,174.48035944563466,45.9681548479345,48.147365626128874,0.9551007494774926,1.3615412554600825,1
318.89407710276777,15.701125539193333,177.47388308838055,190.6373790131209,40.78127354649064,41.45537608824009,1.7995445130043848,1.5075178778451277,1
332.95643955939073,351.92315887104456,191.42858603480028,183.44020659251217,47.28850790808144,42.030626709972296,1.7409712356567013,1.5265305774357119,1
334.25066274749474,346.5511436246132,191.63060900497646,178.39334450608246,46.56589675846243,33.35839798331,1.6273270349511046,1.451499808221197,1
20.115516449658628,343.1649010523076,190.55476530079716,185.88050392781622,41.272017681691466,38.51177375103896,1.557776513141346,1.3735693600869945,1
5.011471073744426,348.4970456726219,183.1677458020923,175.31427047936927,35.88029803556606,46.86280627523655,1.5778670748932802,1.4246710524154376,1
357.32712700980386,349.0302420331994,176.73143341688723,180.23982111643738,33.12884853989152,40.1557013911372,1.6109624051629954,1.4147208262458135,1
343.62138830869577,351.7102036588943,180.02585939279726,180.54851122661793,32.005383209626814,36.102160957500075,1.6398004266511477,1.3306363350299124,1
350.16922126663667,350.33707255084033,191.88865798954606,180.45351912083368,33.49410153676973,37.20381778658464,1.671089405170784,1.3544461046042684,1
353.58524931702806,349.89622166280117,190.03312055433113,170.60694182954992,31.86270073323749,33.433393265388816,1.6664026772119047,1.3962131243135876,1
350.6270793366726,350.6081408523296,184.83795524116007,176.8835992569835,35.354203821914325,46.08574321011645,1.6592552632759339,1.306752632024546,1
5.139490898569728,358.1153677265908,176.43564015258053,178.19100050924132,34.831448178460846,31.293038995920142,1.8405571406370649,1.2319433233478194,1
159.4268477327326,357.99879858488646,178.05427206022668,180.36024068641245,28.677879538911384,29.11614626710167,1.7692609527180383,1.268450092549625,1
158.02247306919796,359.9354632178142,182.36463808702857,179.52121632970469,33.121912970109236,32.2393388396718,1.8313525476493937,1.287571671139933,1
168.9363368259683,359.41906876499684,178.25291704597765,177.5993632374702,31.699678988869323,34.173750250524165,1.8496252329639342,1.333407586597069,1
163.6272503839205,358.6589050937398,189.94135163196412,180.1289132069221,26.413341612349086,32.62968644098606,1.7674973066602717,1.3327188037003133,1
164.60062030498128,358.9624512428467,191.42347925266748,187.02519881273506,24.533524331479214,28.189865309920776,1.8194709422940558,1.3484501905984634,1
172.98120977182217,0.43047201475312336,186.70373144473317,183.7767147617292,25.850677017876706,33.69006752597994,1.874878618216517,1.4107490956716566,1
143.4754223725597,356.83599744313454,174.26739515034146,182.04029929483846,27.696903194971753,31.780915092983548,1.8054313471679335,1.3502123442622205,1
150.82083632037694,356.60950494702234,173.65980825076417,180.2608896623339,30.21705750371649,37.353564892234886,1.7826565227660067,1.2758737651967442,1
157.6014537084706,358.7258253989709,178.90552720402536,180.83622650018125,33.856409651589445,31.288138206771748,1.9063908997539274,1.3590299464125823,1
199.0909605578225,110.77942809329957,194.6261210951248,166.14054802627336,180.96448429914105,195.99025166903937,0.6314740535497468,0.9156628603450159,1
215.9030352137325,96.97064728021996,195.33044248585495,155.99599235188228,187.38692448242918,215.65248005895597,0.5661758867398704,0.8000006762524112,1
228.85143926268515,68.11521178037492,189.8650930392564,173.79878140197846,181.8476101907541,192.70053027664764,0.5207763319533341,0.8415224749605968,1
212.24176010959553,79.28492823374584,188.1010722369749,174.00532361656056,187.852735750361,203.18527829745818,0.655910968176943,0.6813821916444749,1
145.73619147175341,318.39518214959503,185.5817632706542,170.66243704937295,177.3696026238183,201.08299159154464,1.111700364707013,0.9076282349350384,1
351.27146771847055,11.552780812229969,177.02345888134903,187.05883069927066,175.10318995064017,149.00390951665332,1.0813437368323755,2.57807812038124,1
344.1801516797129,20.507099085157677,190.9298665427835,182.88021041766368,181.11752180778103,164.45298392670585,1.295463960678648,3.6159843383571255,1
344.111790016327,18.38536152237498,182.25056042434448,178.68811221749579,168.6900675259801,176.3785152317837,1.2941518692020297,3.2308439849290904,1
332.16494537252447,8.288165903080767,188.11027414097532,195.73291655635626,192.00056370415052,168.02151753818129,1.4888422726289399,3.7168876518754246,1
326.78603361559914,8.663688855483713,192.64712613572593,186.12589779634445,182.85681298441526,178.93977705613153,1.2114896833300703,3.31494125307704,1
330.4098882495592,15.947502103132308,185.0247435481309,159.45596143948578,172.48176081741485,182.12429174435366,1.2403766226979356,3.393983203155174,1
335.09813055047687,17.92855417157847,181.32169334663658,162.31384068360165,185.41735489897079,160.17096010924888,1.2610006135702827,3.4504156424918597,1
344.69888488273244,38.483622863539836,190.78316466368676,175.72000768860335,176.78560815363488,184.4671590641153,1.151213754701095,3.274807126736513,1
349.78428374823375,47.79854470279139,184.67322056485764,175.7599664495476,186.8901507381487,178.0966111500766,1.1380564520351548,2.8701024454117565,1
349.11483036091556,50.89910436427988,178.29499418119676,179.53774015051033,176.05828792970047,179.61826510025276,1.1052017195008115,2.6275344043237285,1
342.7076068236452,46.61060035135489,192.4029853183133,179.6147463956696,173.4974376088421,183.77625124714172,1.1617832788186944,2.6184788188140145,1
342.72995467676697,45.486064556142594,178.1507490436156,193.1546699577451,182.4963278752032,175.71341931501,1.2964344763900322,2.9219616776837465,1
342.6469703808401,44.75109421186215,170.40476046158574,167.25263075880008,167.2766175243599,187.95481301778972,1.2355950270440743,2.7848390205686737,1
348.12687316057315,44.13409695634425,182.89525077371346,182.6640989894743,172.62623363866987,176.1377909461364,1.3866123940124784,3.3131506039936625,1
348.2882494842127,49.23321597271473,177.86108780109805,196.54676081618027,162.1887582875516,155.32925499707494,1.1752835749181034,2.7613187069570277,1
199.47139440991947,13.759838919107551,175.36453657309747,191.46531047824712,175.84591908584804,176.3350807976502,2.8612621592749004,1.2402406863859694,1
184.4557000225684,4.093872536969229,154.85521434129305,191.46531047824712,190.69825700957935,145.88194338068809,2.232772023751492,1.0570894905989854,1
199.69210418564367,22.4419657727899,166.16953839989444,205.25316339457405,152.21607358759766,168.2346710360605,2.2630330449533123,1.0714163481501922,1
191.4993529466005,33.59596870262345,175.36453657309713,195.31031693214032,167.0718448954825,170.63654875425507,1.92067430459617,0.9820754506107956,1
181.97760613939016,17.58638728432345,151.73052775778214,211.80007481407694,177.27553958519303,189.13715101413845,2.1887631124139797,1.1191540985165596,1
214.37242875745898,35.46336424154072,164.5762407846299,192.6650637947986,185.43665580762905,173.24603110645282,2.0298232819092688,1.0378852934466984,1
214.37242873810857,41.96715717531066,198.22369326693203,211.80007481407694,168.07173750168116,145.85641331713583,2.02982328300505,1.0378852940069907,1
228.51372536592436,46.09795110454519,177.11070569419687,187.41405470322246,205.3644171610901,173.09486773483846,1.8083285253702321,1.1121151783775307,1
227.2384617750325,44.765967296870485,186.87378705932622,205.296048374121,190.97104643894878,190.55764688097716,1.6681848252385874,1.0259273348060853,1
238.78647765343354,44.68644200482959,164.0249325717803,193.57817200576386,204.5636633134627,168.28692897404832,1.6681848252385874,1.0259273348060858,1
231.0683155628531,47.17829854843808,173.12621292071668,179.690016810478,197.82313288914582,178.38290420090203,1.6001041093233805,1.0569420499686857,1
145.9662278365249,46.473521467404225,165.71805426655817,194.9216196783168,193.75351048972777,188.448999503721,1.6001041090543382,1.0569420497909716,1
156.32909757773467,58.674985755196076,180.02451680616852,209.7448812707886,187.49585763972905,176.55613589887562,1.6851477275720703,1.1131172548724055,1
4.202732951575913,358.4652756832135,185.6482473737352,188.4324443822172,172.11686068327026,186.1701750950296,4.1644651386396845,1.3087939352216207,1
10.79344315743783,0.19510405694529181,179.5388769141282,189.80747333118975,187.00126759632946,173.1300077001951,4.339155205611269,1.8065827795846823,1
323.5011842154592,0.7918356296228076,190.8916452387283,186.7828879521843,178.10493271614803,186.11550356628527,5.721839677991124,2.0152070780101643,1
329.91328678547865,2.3650018260094314,174.206954590932,196.9669634929225,182.66831199611516,180.81645624865655,5.36412976090457,1.9848782709170567,1
327.8605650617088,1.7270480203261689,171.66727717313825,190.21910329522962,186.07245640720777,193.1764187665959,5.2609739500299995,1.8775397549751205,1
327.10232960869143,1.00439408573639,169.25219675990624,190.68692029673622,177.56281781058118,180.51788304667443,4.033574804398112,1.5956096639832753,1
328.5510541330549,2.975756240810703,173.8426590224694,189.72083604886848,182.12109639666144,180.0,4.938593039306136,1.992548100770543,1
63.82350857179529,14.316881443215323,171.676704516455,195.72980361287466,169.04593735660183,183.69138598645134,2.9890028032216938,3.918860301586212,1
68.37230168584381,31.855132382449312,181.24053997213974,169.31880255684226,184.9587397625632,183.691385986451,2.7437321457630053,3.5972876882642075,1
71.08491181339656,33.37044849629757,168.89748381674852,190.91588243169326,179.62139903788562,169.7223122175451,2.7608911798980063,3.6197847757921062,1
131.1468651876495,34.81951775179482,174.14979338788095,195.73645203482255,188.94315369181555,182.73693982473253,2.8000585791256944,3.671136874152243,1
162.22803766763556,37.72920047810237,179.79159601925602,188.4963789377642,179.5856132685485,181.67422535103637,2.238819238722723,2.8981642584070766,1
62.29756139417702,35.92700756640619,168.78537587885398,161.4252037143511,167.0423908376151,181.67422535103637,2.0270684004470114,2.687860757114368,1
46.49750886920663,6.076060154591289,175.45750559280404,182.20734840692282,174.99755682610572,181.67422535103637,1.8377946195439374,2.4880954986282244,1
58.35520278168565,13.831390867018797,177.64879818406234,184.6666760086943,170.7557966355428,163.11920057564723,1.964068308856895,3.8999258268303505,1
56.35611501048629,14.342913959764985,184.56704556833887,184.66667600869397,170.75579663554169,176.7908907595191,1.8289716194240053,4.340832588890491,1
59.48334007214294,15.009270968450949,179.67860775892183,188.32871983149101,181.92983445155525,176.79089085568083,1.8822855732369326,4.514982622238728,1
46.26892249882121,10.557780552338613,178.1835856871844,188.32871980342307,181.92983445155528,189.55268705909407,1.7885527841074031,4.68741103563371,1
60.29967240145413,10.086406307941502,185.7440336939805,182.02924725532304,181.92983452279034,184.99051732936132,1.6041714408101575,4.054424826323442,1
63.10838680324008,9.653750272965453,179.17904592614624,183.05378967955284,190.57628114248314,169.98965263456475,1.7996935720459155,4.5485925702052326,1
60.17336127873614,6.517400454663573,181.65471339223328,183.05378967955295,181.3563115955491,178.59555063436656,2.0251748236773413,5.272508730151484,1
67.38204842653442,7.617092653745203,177.40306867886122,176.79355897868243,200.28635907306867,188.7372878886996,1.9944366145342747,5.19248231734,1
60.27325839147164,8.235991233227992,178.34727172660624,178.46768895177524,178.35264839282232,160.5644534823905,1.9346590770540462,5.002739390910662,1
72.77606294432542,15.89132686210462,178.92541043727653,181.73253782241267,178.35264856547175,180.06469405027366,2.0117678978156737,4.6863616968825195,1
90.35508437367127,16.251319902510772,186.12275285508753,188.43977540398564,175.79720228275525,165.51998505270942,1.9288900579017294,4.463662908805961,1
73.09797048338311,14.366470811166266,173.7158567931247,186.62388817787223,175.79720228275528,180.19291952835718,1.8714406604403675,4.315095924881031,1
68.33857237635328,9.714277730784943,183.39770057647107,190.61600879800665,167.47907529526964,190.08747127647132,2.316577740474604,5.341475885074018,1
129.6990734834742,350.3419453920438,189.43039069757714,191.9686758070597,133.40766483163932,139.2569872248069,1.0957229703811338,1.0274486283490034,2
117.9691157870227,357.23177657106703,192.29864802904575,199.42436740184746,126.29933080979765,130.59039569525694,0.7775572395367651,1.0381184538955952,2
91.33080534655255,353.35824323104725,248.45150096521184,200.7964173709721,148.54921025420504,151.19377912740399,0.9601965884717657,1.0077765295896044,2
167.1683951925304,332.19817076869464,194.84186155319819,221.00653319355823,112.558170546589,123.23581046993195,0.9381678862480971,0.865565452701185,2
144.13443872863363,344.1747099046162,200.89573953689577,188.03142060011666,122.86027478300858,120.88367862542529,1.0284737421112882,0.8793649876076728,2
115.03001211534769,347.2434260300931,194.56576424655668,215.85484910345536,105.4753271465778,130.6592343423833,0.8190374974511537,1.1082179124221327,2
111.70429698396475,355.20663388965306,221.1506337223377,217.35088018020937,138.4476507867636,90.397574201505,0.8972995232382908,1.0563951386012305,2
105.31710666357503,353.8307343028281,172.87498365109812,214.70594542459585,116.65335706726336,110.71426488962305,0.8676907724289837,1.0705586997041283,2
127.56004346800272,336.38586237101947,207.5972958686437,176.07505125818938,149.25772848729534,84.16933886385249,0.9629888659214578,1.162101458608838,2
129.5962955054556,341.8594474956259,158.7105619642562,223.1109372331608,93.40490130141461,116.71884410517063,1.1870303624136473,0.9267278190453075,2
133.319792843338,349.2701471493241,197.62714775371677,212.43457221433604,105.45455621512443,88.07435429972793,0.686383462751815,1.172798605295228,2
82.85767836194066,347.84729116966184,217.1847064532329,167.2218475242257,111.50534316423227,104.17325981777125,0.8897554245126054,1.0633235946682744,2
103.44685917043228,349.3026127882014,162.39380613783084,231.47267287301065,146.22867838412543,109.29111989768933,1.1029122605563946,0.8321948090709015,2
103.51198528656768,346.8970737349924,202.28558754221652,173.2249890315458,119.13646857737439,106.18473671246221,0.8675160218488909,1.0370263115184724,2
141.44701315420096,353.80725025360795,167.02173007768644,211.82906334642817,103.36281595040782,135.58021939377866,1.0132458091682266,0.7470228948905352,2
160.05588004367468,349.4346021312123,202.8993008844476,187.90792549063787,134.7284580447698,106.30485469092932,0.9459935140403223,1.1117461595289577,2
150.16936090652658,354.07465008626554,232.5137747015881,199.81015094859126,127.69496423637347,106.51570258895322,1.1462155120220618,1.0319689917822137,2
141.469431624083,3.6459585046923166,197.25329676550797,237.79963600648867,113.11565694379948,127.49617409948968,0.9375808171132395,1.1579946256580436,2
120.35944831441796,353.12317854040856,224.72845805431535,189.87783628985568,114.06563158055715,105.00878434694414,0.9679941199706084,1.1452179077743807,2
54.178981305759805,57.937504876510786,165.22589329931506,204.70243022777134,104.15172806029884,108.82058629503553,0.9620428405327681,0.9148980521693844,2
172.91547736306654,3.9678966304087724,186.11740552191964,201.73229518994273,109.77757284946046,123.18991739544217,1.1242820405740934,0.7338342626665861,2
144.85653972211043,356.63612872337507,214.013393709238,204.5457867990944,101.00651862229978,128.7589055458264,1.2135308981763104,0.9643755483339673,2
123.74552845518991,345.45192502024366,188.95588649889908,192.95060951722652,105.32326998044832,99.2389144819154,0.996994213679231,1.2101085094390014,2
82.76277631445146,337.54696984024235,200.04161386972234,143.30420538881046,129.8939752871358,115.81120279123996,0.6994591893395262,1.2690295184829419,2
112.29895491706245,351.2185397422042,191.6982280560137,196.16485215441048,135.75585894200813,108.04594371293305,1.0196933558209664,1.0778867790856164,2
102.77946689995599,355.6611165700623,219.00888078746536,197.81396084804751,146.53462067389262,115.15062804481036,1.0733048365661708,0.9412979537130015,2
103.16089377306815,354.70251154719233,177.11962241403805,209.79863597052218,137.34719637304775,124.19205838320673,0.9538310371500908,0.8921526145377117,2
154.33636339306798,339.6963663116537,213.0552420066614,190.81497148363624,128.47362540464164,112.60749806295016,0.8916336017810763,0.9993175237583338,2
111.76331018535461,342.7861710284454,137.23298528388062,201.08600640655234,152.3140668028794,109.05427021139761,0.9060371460168286,0.7679585359458513,2
98.13263624823651,347.56229884330486,209.79162791113836,192.08036717873452,140.28287552581028,110.73064064218104,1.0718083481110956,0.8552966209715429,2
96.01352660870681,355.05850411653137,189.31692371698546,197.93333299084807,108.1761709909409,123.30619154862222,1.1029785132818855,0.9195395407103562,2
119.92710260741686,353.1341311729032,214.89070150814447,189.62672270442263,116.25286775845092,112.45269529424445,1.0501419538044878,0.8579865927637366,2
127.52911507090732,338.6287642986156,178.40727644895688,219.55268790787517,104.03624346792651,114.68119190227424,1.064083047742068,1.060713623096609,2
139.87707266968658,342.11040326958187,214.9294968190592,167.97002791360737,149.51521773774516,109.5702348783206,1.1011126202654151,1.2935442506819936,2
122.01237703717919,347.3088379325404,196.04299173737184,229.26285766281921,86.8490582001757,112.62922455415935,1.1258703156377388,0.9567586549165229,2
147.39555457216485,349.1379175902363,201.99051780675939,211.21503263009927,103.77138308108795,131.29763311802094,1.0848509721192654,1.0118873259545398,2
94.148489122775,349.59232085846816,225.881549024956,176.96820011671352,128.7407593230882,117.30424092026897,0.8621210567193203,1.0353462298345748,2
134.1916189660483,346.1479959702731,210.8931146484171,211.85225688546774,102.04328986799356,122.30081369720483,1.0152622639378497,0.970885749543668,2
125.08711779976315,345.4453584575238,219.78862739401995,198.06638456472962,137.85136880339755,122.73726697874062,0.928673118869187,1.044722185781956,2
95.94860962959206,2.0137858520451535,206.20637378844367,180.9912192244851,114.9122501398424,145.18719956529162,1.8062899666940762,0.310478430324444,2
75.00510364822264,359.56451042618846,191.55912395707008,187.34211330620624,129.76954160430012,155.6710765927947,1.639120051176049,0.19947192398349656,2
151.0990970059092,0.7444670655501786,189.18729057512198,204.59858660878214,124.56908263653017,140.40575401497844,0.964383073901286,1.2552939551510074,2
158.32731496414158,3.57492797894489,229.89834567748665,191.73239167540623,140.72381625739249,108.64111962951995,1.133171288942493,0.9527316032507328,2
132.62726267221805,354.7833315489139,193.98827712388376,216.69783876012426,104.08597937515034,124.87206858860776,1.1533649763540772,1.0419708754051744,2
128.90617328695575,67.1592430884514,209.57557775797994,199.64445894473818,113.59103764606445,94.53349635951349,1.0498221943747728,1.0138960577069482,2
336.0674678598035,3.483008553134198,175.0732477076294,205.34096865490181,214.25294452429935,187.01650174173588,1.4419751891167336,1.2574867991870795,2
165.29262314658396,316.8623668050378,220.97035660997366,164.762815049558,110.38561208242342,70.06271434078428,0.5547896132369582,0.7917670414298761,2
220.73636413996005,346.02742110233345,213.59607634398017,205.87477397921262,105.92058179268082,110.83499781123169,0.862410265492742,0.7438226756747014,2
218.12464591066333,347.5782912300062,210.5505297901297,210.58740555768256,111.17607309846392,114.41561452193116,0.861585345100716,0.7345945976648725,2
144.15228600500697,324.40488860706085,160.43996022382,212.7553863356628,92.0591427199451,105.35215505371048,0.9347906638653233,0.9116533817048849,2
203.2840623611283,344.14190984971464,178.91823259593346,203.86576011963274,126.62074725649802,84.3461226585465,0.8732539649903948,0.9534483335816567,2
201.08802160245884,353.3837473206637,178.3953825092295,192.23338494431013,125.56406753656063,104.77853223648125,0.8371025440507245,0.9581586440485468,2
206.94381733966986,355.028526402698,185.75696144098342,207.85492382541878,127.3324792004563,90.73020079150388,1.0255611709068937,1.0976136366357157,2
213.25139855295788,357.87484470005444,177.01554775092308,202.5924324715827,116.30258245210598,88.30187681813317,0.965970145622734,1.089735724015352,2
249.86997140889395,359.51724575596756,185.966220551061,213.55037384732222,169.505464194755,109.26148207667796,0.6321277499271639,1.0273907971389065,2
232.9468683173894,359.7426977799689,175.454211934371,209.26183265938622,145.026527001078,122.76159046770584,0.7346652189020256,1.1442305964886281,2
252.3156079734423,331.9064402459532,197.18721929719976,205.16450143897035,174.86955295234006,118.7971049778113,0.5631265708480139,0.8869029027001335,2
220.13198272382374,352.4166104356582,214.5254901779919,209.97360574866738,121.46625494008691,118.43374489145037,0.6336118763270666,0.8224703017171381,2
151.4440627421495,11.01198553280409,179.07655511862149,185.43702415158455,104.55642432007426,112.41847463677271,0.7272183278223447,0.955734510948389,2
251.6945587682116,326.6485945099956,202.97272139109592,192.0247522857215,119.53586058386219,150.02016368932146,0.7257722882805253,0.5422844778393386,2
229.77626801580624,342.0307966378076,192.79203726510855,219.2936689899574,115.69741921438944,111.36346059534446,0.634538263434256,0.6699776141202122,2
191.33814781027925,3.609132356297323,177.57366416839764,215.19816688435677,91.35132936427294,91.27239482594229,1.0807201180765504,0.829047041061774,2
243.23066801805697,319.4270544380169,162.87693895958236,205.03920285617914,118.70455645359442,93.77110300771267,0.9814722373884197,0.7085889798109869,2
227.25882202784766,351.29948272980903,181.62670318970424,185.03885502451905,120.5193819457632,86.06982445427445,1.0221600691776538,0.8335012931314106,2
218.35290813362366,354.8024490908458,184.25383644049438,201.96449159086242,128.30418384463215,71.29372354700865,0.9493312981088866,0.9566064475626219,2
183.54576535371262,1.6414205818358027,182.43017196706234,165.9730865726216,102.44785939162648,73.48634064806902,1.0581542859880524,0.9342458583578167,2
205.1400308441062,288.5755454230157,192.26130027402002,185.1524422673189,125.31623086697067,96.25359239753504,0.4890741827423471,0.7825648013958404,2
240.3506187323309,335.2628210264195,163.3497853445379,239.60267909041266,128.48646063494044,104.85506708107283,0.3452767159911416,0.7076075611515759,2
225.01826316620466,358.1135126300216,193.0953070885275,240.4595110246099,124.76180233348703,97.73359809902286,0.4737939087046745,0.9015221972319459,2
255.43815661444359,331.71341606659644,197.48569041127976,221.83105345551553,183.65222278030635,93.77110300771272,0.4448347829080821,0.892810345830216,2
292.0297146788493,1.2222415842985193,195.74727287512573,177.9196255435416,185.88892852870856,194.28811417502894,1.482474098221564,1.6162305542959376,2
165.2710951889238,313.8257994161346,175.76530381159262,223.13112707558764,85.86696457985738,106.12072950498509,0.7056520232459937,0.5436482515087737,2
202.68159867437484,309.1580398357131,193.0441963285736,204.6638146892806,113.37795953457288,99.16234705772854,0.8137135615844028,0.34666454196303775,2
229.79540015541895,324.59230222637785,186.01023257205668,228.07593765053363,111.90578479037572,102.22394440278697,0.781033511035298,0.7223068263434778,2
228.9676729064753,340.2817262731005,186.40605026279738,225.3861069383972,104.20027470239629,98.02489272937163,0.7534595129421394,0.8227624602830121,2
222.338750477441,346.07284517715124,184.58105203516132,209.6878547855696,110.21569259542204,88.55937737618763,0.6827687868829553,0.7416790092527358,2
216.93802107280592,354.41599880427464,189.91647031682658,225.15978110766363,122.63309246783126,103.82453681106404,0.7226224130234173,0.8015843539536638,2
221.83196984256094,359.39750451428677,193.14200110867216,164.21924669048462,111.53415757954497,133.28098785715173,1.099175041723593,1.009474287996772,2
198.73741577534264,327.50182503780184,206.56505117707798,177.58765445750623,96.2121236881814,131.0239341139539,0.7893203583012012,0.7511937946840598,2
237.6354265007447,331.26324581520413,200.14147270817463,170.541315730072,95.35009335625199,134.4431471063768,0.6845262385774067,0.49104898246626183,2
258.438033106799,331.49458363608085,210.46554491586923,186.73601120987465,111.03751102542182,126.98556863599677,0.7649153872193563,0.5262139577656957,2
244.32178534912484,1.4128284151376793,218.24113674620568,178.00122695669862,117.420217001086,135.41139595386286,1.0629289593556082,0.7070817678858741,2
257.4265461283128,333.4708502533831,201.22506637988275,180.39581946820934,115.4841269907185,184.45399358213277,0.8094961564755024,0.4300519574897461,2
275.32480346193154,328.6186867990402,204.59144079939796,193.77508380364029,116.0884678313723,168.51138168076977,0.8339737533345267,0.5686755964739064,2
242.53760319575036,359.90037626821487,198.08613106671572,189.04688089828417,130.98842239915533,182.36338184755405,1.0881493474208523,0.7486119983381664,2
127.22632091196562,1.4059303220943167,203.37232638271647,180.36845652533762,105.91165974076151,122.24086530227794,1.1448751251324658,0.6384055953035218,2
221.77316625075235,345.13552828573785,200.87984105597423,214.47648072175326,93.24297761388874,118.92798847887741,0.8298327541857444,0.6072959301953494,2
221.57632060132488,3.011125643022873,207.1717916627792,208.25802961470689,82.16413520125582,115.1885228584529,0.8613060105430416,0.7035002049677306,2
150.09471072821543,14.47955007614611,207.8566113328945,155.82394789172085,79.898916132218,83.54667145992289,1.179903601556196,0.8977346011240248,2
164.5794262407796,321.70578550740674,159.12098311944263,178.17704981004294,69.86690489019753,96.35032307421824,1.0415637064676613,0.8968124322974008,2
123.1278753878573,332.52616932479697,214.38550031156635,177.69857127159975,133.36138854703864,188.7615933960494,0.4110810893438871,0.45798018000904256,2
240.9118808149684,358.27305718599644,223.11248682266404,193.22678842708038,119.9816393938705,185.04540364815918,0.723833586583565,0.5926392904348925,2
305.3770199350643,0.07354251541045347,216.62892506815746,190.3508001794107,132.79071110235847,173.2479740886078,0.9363830691469464,0.6475880929060133,2
242.83726306304646,332.02315092424044,205.1703888558236,169.92668378099074,98.04670242195687,107.31816715552435,0.6567588426795831,0.649769612319889,2
217.56952186426582,359.1107534636037,211.08335153784094,166.82406804784995,111.17573938709617,102.3283401513587,0.8414283214011223,1.0754262370039276,2
206.14463664645126,3.1207411461483625,218.32142432460356,185.36604142249172,110.77030886871785,97.70753269160821,0.8128623320936443,1.1260204652414336,2
140.10908302164418,354.43973353592384,203.27319185594945,147.36831577541705,62.76914925745581,91.83577474054573,0.7926318793917276,1.1279099001036685,2
178.11692345565666,315.2451169487855,190.0503530168013,173.87858462017783,77.19345096395006,90.47422067590082,0.8335145608901916,1.0745807946289727,2
220.78640445054194,351.17276462898894,197.62690920149296,180.8676169561892,90.55836027398516,123.69006753628796,0.8242562185230853,1.105533843972996,2
224.65389010473336,359.9077363447667,204.30961696050707,177.99958110806196,93.68685918077904,136.64634595402174,0.9743731195686159,1.0740809025891604,2
206.05592420048836,294.13684376926756,189.0665027396702,198.55763770915874,96.40637860077379,115.7391585391253,0.6963583561697843,0.5331558246375365,2
211.32717292010727,1.952911437838309,250.81120284400714,187.65019458212882,93.64527004187448,116.37132148636766,1.050397389018601,0.5350246565913086,2
162.23473137641818,353.86874442654744,226.6903091796529,193.20806253691967,99.74210799785686,167.5054019340878,1.1623761543875042,0.44538398214977537,2
255.521708595422,331.96499563196414,225.93330733487196,185.37462398405825,100.1755108275521,177.96641415190555,0.9181179800970983,0.45488472547497494,2
250.69505637613594,296.86698930948916,235.4169632677004,219.29202793538056,102.16870992892467,176.0431556703372,0.8983133809370645,0.4237440058310615,2
10.082548272450595,349.21007827097696,184.88637334581676,207.03193449528305,175.94650789876482,169.1426250851791,0.8973728377671937,0.9755719454982826,2
249.57054539586858,316.18541395179784,218.78077030083324,199.98310652190005,136.41806737499908,91.24182043962554,0.5573559619140217,0.8164223752237412,2
247.81795700360033,312.16846271174506,199.45895842646613,202.70941751580636,140.656581362422,97.60649415483044,0.7530662989509354,0.8507465255059254,2
245.42635911688387,328.35792913509624,168.81783745008306,212.79953127261922,128.38550801417244,105.28732945708953,0.7862747854394088,0.6516149684977708,2
238.21171530186518,314.052890447873,187.88760530605234,181.59713236033014,113.43592446620144,92.60256220249971,0.7206307812573088,0.4880800581338228,2
232.61224946446058,319.36094153872784,208.04893335152104,233.7419453512125,117.25519121865764,104.22770216165637,0.6760115681289376,0.8760578532214831,2
236.501771329053,322.6553142005798,213.55895608888042,246.81257089780314,110.91156604215251,137.7495703345084,0.543532398072084,0.9092937169462935,2
226.78895996380024,356.47218179770977,214.12854703310506,249.59910612979658,109.36033617322838,144.10348069004297,0.6046528159112062,0.9832188264518981,2
219.21953379573634,358.8921706559343,224.36575528557375,225.78171620823738,116.03506734412835,115.3263985615867,0.9201415254615399,1.0637578318605454,2
217.74983065221767,286.17507891718907,189.68467212372627,211.70332278526504,97.24890177193834,96.51290681105263,0.9489584329156175,1.125324444791448,2
250.5469927971094,1.0943564650461326,170.28906991301136,195.49277177994054,146.15054180716976,116.35517742326175,1.2149992098954725,0.9922675025575743,2
231.98527934280813,2.0561171548199013,180.7775194877381,213.10203280900936,145.55614213597505,84.94367304288846,0.8055642901678443,0.9277370430005725,2
237.0133923713828,280.8700146188984,168.61735718491943,208.82764752474824,133.08075376603105,100.69145446101942,1.1447742395685179,0.6857782274090718,2
251.14608162051644,342.0561447264076,181.36392753160285,191.79658690413874,140.48015803712718,83.99828636473927,1.085018842540306,0.7324020756322,2
328.2009457795326,319.5254244206133,126.15181447866854,217.19532278408604,126.73702231685974,79.57156313966624,0.49391741985980325,0.4812604928520198,2
247.54467864435338,302.2345585796088,214.59427883259605,197.33225664306576,106.64826057545645,97.6506509696955,0.28793514115147906,0.9154430150842098,2
223.576108073578,312.2640766775979,201.21796957677876,211.2949422232987,116.85564435493768,94.26639327449311,0.4817131211723344,0.8982361072653193,2
222.15425511149755,355.86525929192885,216.104858581231,217.22431240891174,118.31224539952015,117.73035942834153,0.5257023788217375,0.9441764009549908,2
220.51141979713304,354.9542534183597,217.67305689795884,191.78218870197142,113.34158217947123,108.03871874568935,0.48483852263712574,0.9617949875241901,2
165.23430083646966,1.964076743672365,193.2687611288192,181.832068634652,78.8515719800804,86.3292127808046,0.5109398128688464,0.9549343947817768,2
168.79932491990684,323.8164917976919,181.16980493582108,199.1570617362424,74.06082063932541,99.11741011614197,0.8910262743610204,0.7455671900333631,2
210.83371019789425,355.6022302696086,188.93878694168475,199.80909679314516,104.29191027470063,85.58606879983165,0.8942663686142294,0.783822922485795,2
207.32990105512093,1.191539786237513,186.7587053917849,207.16356081662246,91.91993926117311,83.18917426100018,0.935809551554804,0.7891444127415096,2
216.17801149327758,3.2010951840771895,201.40933341671595,202.8989371640726,91.96388637939424,91.71439017414468,0.9673923073392939,0.8237558617176806,2
207.9239531966401,351.41641193184506,172.23483398157458,210.09997512005174,90.91446404916769,90.04658193699527,0.9880272543445299,0.8006246399191981,2
231.7444128976295,319.5252757074011,202.20123617370982,186.8266349592746,102.7050089799651,113.83438816427855,0.6123123904536633,0.7852914516436065,2
218.82578896484034,329.20391205522316,235.6196552852793,191.35241357812944,96.94039942946785,99.90702188615398,0.5308146367635499,0.7036275718479201,2
219.4091220654557,344.84111512832203,197.24796510795167,202.56357507214187,106.71048631537764,104.93588311830655,0.9292548944497853,0.8392197489068935,2
218.58330523976446,358.50821758522557,213.21921973392625,209.76497098038016,106.11515792318278,118.21735585472942,0.9244588984669432,0.8090265177517394,2
236.97838900314173,303.4950489939912,178.71898186134757,211.29494223663073,104.57055441638352,103.78058057714816,0.8192370662248342,0.6105360645223278,2
305.02768103230306,350.67458996613516,208.71946322032255,181.9349323095528,170.72941168598265,175.42934918002263,1.0961348887959812,0.9559612706282838,2
319.07149858728303,310.9037474433396,218.54841800093845,186.83852658903777,93.71063862021697,160.4079161787545,1.0525830550828368,0.4418873285703654,2
253.49651872642738,314.5708660878102,190.94381956465557,206.51341010993227,106.50732608109581,130.1348504385363,0.8473709918028636,0.5361775878671691,2
240.25097617188862,307.6129447286677,212.73067010943066,220.76871025114914,108.30916246186115,144.99716151974658,0.8923301256926714,0.572543479030635,2
251.25579305301613,312.92558010550687,209.40927237407305,189.3374698131847,118.80391079793193,141.54380899612505,0.8180902616966929,0.7401200436912287,2
236.20702431228364,331.0075354242837,201.42146409953048,202.95002569999818,117.82094481410522,151.55029033014446,0.874003376092799,0.7200841481576585,2
231.3663940891548,359.18032690406415,207.62077473715172,207.6503079967371,106.89921419609271,138.2702632646877,0.8977248846514903,0.7552142357072306,2
215.3751779491021,355.98865605069864,210.39300468195194,188.94305740323912,111.95364617680934,126.80098796182759,1.001149919575442,0.8598906601118824,2
250.48130297714926,308.6288160819192,216.6239371523847,182.3974569129224,108.56101197966552,113.54358914432626,0.77842477326669,0.9035133776231034,2
237.89908603369628,317.1168668643661,138.52220756418524,204.1587650980756,94.19872865379779,109.11825702297301,0.5646987016648725,0.736622023272146,2
236.2590361038358,320.16547575175537,199.42828417520147,160.01689347810014,104.08532749069064,113.16735013797438,0.9003181953083068,0.5514095000814642,2
231.25293532050023,326.2605962231282,208.96125911709993,214.79423066284542,111.3275751102656,111.77344985258824,0.9825343417941693,0.5631790585976273,2
227.63960839287154,358.49883935748494,211.42194329851023,214.47196068882099,115.10049102751847,140.15434093461596,1.0197061027593046,0.6165775142589199,2
222.8447888587626,0.4746996934517318,195.80512838810876,206.0720060996022,96.79459592197855,115.21461799432416,1.0700553639562298,0.8732131475300906,2
237.52378736194686,3.0505655469304376,211.48343189120874,157.1860825693254,102.34198831208994,152.60388067125683,0.9714634795837308,0.8640778266902401,2
11.369162109473507,291.38481930977105,201.31528033307086,175.47919280150032,85.66263111730314,137.21500524752727,0.6701167247674273,1.2578171734648083,2
252.07656929696728,340.5469271513486,197.26529994857526,170.5097054962452,100.60717428150377,135.77438113932917,0.7043483210578765,1.1511556717890794,2
249.4651574102083,2.1549527687895162,208.7546729930404,184.62282929711554,104.72065298490912,148.1496355113164,0.8895740651503757,1.3464664616143778,2
353.60269455537,296.56532950771293,235.80366417066685,247.4149981950737,81.32968722473998,97.53392606173583,0.8731988652948741,0.29812028613405966,2
223.4116366432744,356.2528435432595,190.3898798000942,199.15042079809328,99.53054271091946,121.20302048779854,0.9522250628936872,0.48572843749039835,2
223.86549392890427,355.307459675452,188.3285410684362,220.68397248013434,96.29402457088065,105.13412442328811,0.9750426587913547,0.5022473399476158,2
215.41397174516698,359.9626438120698,212.83927729035238,199.32493805585193,93.72562819334894,102.77729623429929,0.8118593828267007,0.9539558751738894,2
231.32302268758076,320.50229052159284,187.3228814168643,206.44705475696145,128.65980825409034,104.54325146516891,0.7047161104472605,0.5860181526031414,2
215.25128392771018,355.9111603102837,226.4645181608889,209.21741746608959,118.98301424106415,102.39957955568752,0.811011609122859,0.9623345837175081,2
241.85664982566684,303.4722665205111,221.97696646954665,177.44882609255717,106.71870052020296,98.6457280211975,0.6096544512445756,0.8870372825882851,2
171.50237483797142,13.172644377237818,169.35758743817482,164.4290864368631,23.78093084155887,31.660109312282998,1.4708976739982875,1.4804425359372944,1
185.83025480974814,14.125226310775231,168.22786571343119,169.14000411914859,23.78093084426081,17.97659237376712,1.4157828964488826,1.3824861503936252,1
189.58394424108988,15.326396272092795,168.50545064113192,187.3233405081582,23.780930841558813,24.514794658367066,1.4116846031153,1.4132629501153755,1
187.04761291120823,10.403370523432187,171.50064843881916,161.66708970499076,23.780930841558813,24.801064792847797,1.4625965316182499,1.4267444214704077,1
187.5557619242353,10.185824534468136,166.54415702107644,172.00885229574342,31.024427469042564,20.937135877179003,1.5266348887529828,1.507451089869563,1
187.8770804387834,7.939723826113044,172.90836168132617,182.68377515946898,24.900303377101807,24.46101097708157,1.4263845588142139,1.4735287257352077,1
184.533986187303,5.630062380988827,174.78865324161134,179.45641308123868,31.61142930446846,21.569164752340612,1.4660112382984276,1.5638947362106235,1
186.8387953470155,5.0949334646878555,179.80991988808688,172.52324720522822,28.49745043686613,24.921005272832133,1.521312463627771,1.5080075509999278,1
186.99282298587147,7.7595538663008545,175.7914611031658,172.95781641854046,34.38034471269606,23.977304194630676,1.4205688636754419,1.437309075892477,1
195.84572967063153,5.521725401479037,173.33313159551508,178.03518905023063,24.65646762442674,27.258311131955963,1.4624280775732672,1.4021283116506007,1
194.37107930050712,2.244338938745937,168.95109432834533,172.97084720023622,36.7849014325015,25.946353346727562,1.4043176267275779,1.363559748680511,1
196.12299070470635,1.1661652412496193,174.76613835278349,175.7356624458862,25.352296912202917,21.861741980212457,1.393100818497557,1.5003319211427761,1
188.5892296596539,1.8943971050251305,162.5353299553683,177.61767078012443,24.63446373591097,18.270818883391428,1.4554841976567559,1.5377433244681997,1
190.6892943114151,6.282061292363965,176.05093535903356,175.80326731324465,39.57589338962191,23.140161225812847,1.4167866240997973,1.477810160210076,1
189.51239981677418,3.9916184601834535,169.5232266488489,169.65514256256577,42.46809185407352,20.658910063307474,1.392324750392769,1.4195622462521358,1
187.78350276188354,358.86704290679194,179.88763851244272,175.49856149484398,25.242150740743796,17.10272896905235,1.4033317695373655,1.491502725702368,1
192.83995055237895,2.0758681704241244,178.91647448335075,180.04653148368965,36.910947811315395,25.286514539147106,1.5016547969794711,1.4465899045969506,1
190.68546513088052,3.316042003869684,175.52096417189608,173.5948884679387,27.024852663714057,22.73026875395277,1.4246439990401099,1.48166538826353,1
193.94101854848932,3.519729888979722,179.56533959827567,172.0974983325824,31.091526456176723,16.279673220704694,1.4819744343120547,1.5664805197790383,1
191.1078498386196,7.540018998262667,177.2068285174286,175.2064856427871,35.611932120633526,16.98261220684242,1.3998485365273228,1.3555453604318937,1
335.83755146013345,353.336854684483,190.78429786756254,182.7976390842079,174.68545427363765,162.783926412209,2.1184835562426034,2.098632838129472,1
329.7890515702019,351.35459168042655,176.09111503345798,181.36827364232502,193.82761679363193,191.51735758394497,2.0362077800709653,2.01712800645514,1
104.95068294125613,35.17944048685272,198.6649386348663,175.98325487344667,183.1465320466809,182.60425158365933,2.706124090404999,2.6346081255537612,1
42.58691814343956,24.359681877004693,191.11045709198075,198.97314122540777,199.14976006958028,199.70146800247605,3.1964444163694363,3.111970534576454,1
81.3779149207752,25.996809902249577,178.41148852262933,173.37886423254037,190.78641028751957,181.8313842081687,3.1964444157642458,3.0558042894841453,1
62.97848211324293,29.483604913713425,190.96320365275307,186.63112502398496,179.60935400280033,180.8951307035467,3.2734724587113866,3.055804289484146,1
146.34716382842885,10.697667819382135,206.56080927078153,175.8262913956795,190.8604949957214,191.249534188865,3.2734724581789534,3.055804289484146,1
52.84476585447146,5.383120859743588,192.72468816166665,183.92455755826597,183.17568948114854,175.86792372958774,3.2734724580206827,3.0290577555430613,1
43.00495276948158,5.507148556763676,186.29872666963752,180.77214872478066,173.31785034216188,163.88314284419778,4.2318464155315025,2.303321705830822,1
43.60278705683862,3.5302636072390063,167.1167051326726,180.3516427976244,189.39903090489733,188.58002080441537,5.210306326299703,2.835880718957159,1
50.275252125353745,13.853650506057466,167.1167051862046,178.82461393486057,181.96669178103778,171.04512042133408,6.16525492056489,2.530803994211777,1
46.71165512112486,6.7678248435146955,173.83777626855525,177.1122298448606,171.15480585801242,177.0425399234388,5.017142830886158,2.1713843588577317,1
49.529613335962495,8.41631568414598,176.04974202583261,188.38868821568235,185.5171213753513,183.8731764302445,4.351493556075892,1.8103277994585365,1
53.230454931566044,7.222112573530267,164.331399892002,172.43788246901696,164.93518535988156,192.1303464592702,3.9847849831501185,1.6849170777818798,1
55.778185568039476,8.202392227262745,176.04974201459763,185.99368791630985,185.27468132728453,169.20003393264932,4.536755177144231,1.9263901068700746,1
71.34207409448999,8.504443191666542,168.3815978025272,181.09084254041093,185.2746813168075,181.73346623611098,4.340703780388691,1.8112607079376104,1
71.34207411789663,10.437411432047643,184.70757071030525,169.30752930620446,172.739760466797,156.761373500239,4.2874781850989585,1.9198204826252168,1
70.45189039873117,6.365735192715505,168.47605034132226,182.48646339606194,188.44015782092814,184.6592060708524,4.53239173388982,1.9714926184899202,1
74.5797281263304,4.633933400581314,181.72817312615055,182.48646341487336,186.00400712827644,173.6476736107959,3.9912270340449965,1.7520726693669981,1
